From,To,Inom (A),"If,min (kA)","If,max (kA)",paper Inom (A),"paper If,min (kA)","paper If,max (kA)"
RG60,632,587.7,1.07,4.73,587.1,1.24,5.41
632,633,81.0,0.76,4.1,81.1,0.72,6.73
632,645,143.1,0.73,3.42,143.3,0.93,4.25
632,671,470.0,0.88,3.39,478.2,1.08,4.52
XFM1-HV,side,81.0,0.08,1.81,81.1,0.73,6.48
XFM1-LV,side,706.4,0.71,15.67,704.7,0.59,18.76
645,646,66.1,0.73,3.11,64.9,0.84,3.64
671,692,229.7,0.74,3.39,229.3,0.78,3.69
671,684,71.1,0.66,2.66,70.9,0.69,3.47
671,680,0.0,0.64,2.93,0.0,0.59,6.25
692,675,205.9,0.74,3.15,205.9,0.71,7.83
684,611,71.1,0.68,1.86,70.8,0.63,1.93
684,652,63.0,0.66,1.87,63.1,0.66,2.67
