node,fault,phases,I R1 (A),R1 fast (s),R1 delayed (s),I R2 (A),R2 unit,R2 fast (s),R2 delayed (s),fuse,I fuse (A),fuse MMT (s),fuse TCT (s),status,paper R1 fast,paper R1 delayed,paper R2 fast,paper R2 delayed,paper fuse MMT
632,LLL,ABC,4734,0.081,1.627,1813,rev,0.051,1.416,---,,---,---,held,0.07,1.398,0.045,0.514,---
633,LLL,ABC,3970,0.106,2.111,1500,rev,0.060,2.001,F633,5426,0.149,0.235,held,0.094,1.88,0.052,0.706,0.163
645,LL,BC,3124,0.155,3.095,1232,rev,0.075,3.002,F632,4191,0.613,0.970,held,0.105,2.095,0.087,1.659,0.276
646,LL,BC,2785,0.189,3.770,1114,rev,0.086,3.771,F646,3672,0.415,0.684,held,0.128,2.555,0.103,2.046,0.181
DL,LLL,ABC,3954,0.106,2.123,1972,rev,0.048,1.213,F-DL,5902,0.121,0.193,held,0.087,1.733,0.076,1.402,0.248
671,LLL,ABC,3412,0.134,2.677,3391,fwd,0.054,1.600,---,,---,---,held,0.105,2.091,0.068,1.113,---
692,LLL,ABC,3412,0.134,2.677,3391,fwd,0.054,1.600,F671-1,3391,0.525,0.891,held,0.115,2.307,0.072,1.258,0.175
675,LLL,ABC,3090,0.158,3.152,3050,fwd,0.059,1.941,F692-R,5022,0.065,0.106,held,0.121,2.414,0.074,1.332,0.185
684,LL,AC,2543,0.222,4.437,2543,fwd,0.072,2.813,F671-2,3963,0.148,0.230,held,0.125,2.507,0.075,1.394,0.205
680,LLL,ABC,2789,0.188,3.761,2757,fwd,0.066,2.381,---,,---,---,held,0.137,2.747,0.079,1.555,---
611,LG,C,1814,0.435,8.709,1718,fwd,0.128,6.986,F684,2236,0.271,0.414,held,0.326,6.523,0.146,4.385,0.417
652,LG,A,1795,0.446,8.919,1761,fwd,0.123,6.570,F652,2239,0.138,0.193,held,0.676,13.525,0.143,9.37,0.233
