Bus,Fault without DG,"If,max without DG (A)",Fault with DG,"If,max with DG (A)",R1 without DG (A),R1 with DG (A),R2 without DG (A),R2 with DG (A)
632,LLL ABC,4735.2,LLL ABC,6525.6,+4734.6,+4733.5,0.0,-1813.4
633,LLL ABC,4102.5,LLL ABC,5425.8,+4162.2,+3970.1,+65.9,-1499.7
634,LLL ABC,15671.0,LLL ABC,17608.2,+2034.2,+1610.7,+298.5,-618.5
645,LLG BC,3418.2,LLG BC,4341.3,+3527.9,+3329.9,+477.6,-1262.2
646,LLG BC,3112.2,LLG BC,3853.6,+3191.7,+3000.3,+474.8,-1135.4
671,LLL ABC,3390.1,LLL ABC,5563.7,+3412.7,+3412.3,+3390.1,+3391.0
692,LLL ABC,3390.1,LLL ABC,5563.7,+3412.7,+3412.3,+3390.1,+3391.0
675,LLL ABC,3151.2,LLL ABC,5022.1,+3202.2,+3090.3,+3174.3,+3049.6
680,LLL ABC,2929.6,LLL ABC,4459.9,+3005.5,+2788.8,+2975.6,+2756.7
684,LLG AC,2655.3,LLG AC,4106.8,+2835.5,+2669.2,+2744.5,+2650.9
652,LG A,1873.7,LG A,2238.9,+2093.8,+1794.6,+2058.7,+1761.0
611,LG C,1857.2,LG C,2235.8,+2084.5,+1814.2,+1991.4,+1718.4
DL,LLL ABC,3946.4,LLL ABC,5902.4,+3959.0,+3954.4,+1.4,-1971.7
