Protection section,Farthest node,Fault,Zf (ohm),"If,min without DG (A)","If,min with DG (A)"
RG60-632,652,LG A,3,1102.4,645.3
632-633,633,LG C,3,760.2,789.3
632-645,646,LG C,3,728.4,757.3
632-671,652,LG A,3,1028.3,568.2
XFM1-HV-side,634,LG B,3,81.0,78.8
XFM1-LV-side,634,LG B,3,706.0,685.0
645-646,646,LG C,3,728.4,757.3
671-692,675,LG B,3,735.0,317.5
671-684,652,LG A,3,658.9,713.4
671-680,680,LG C,3,635.5,685.1
692-675,675,LG B,3,735.0,764.9
684-611,611,LG C,3,679.4,729.1
684-652,652,LG A,3,658.9,713.4
