Case,Paper figure,Fault,Type,Phases,Zf (ohm),Fault-path current (A),I R1 (A),R1 direction,I R2 (A),R2 direction,R1 fast / delayed,"R2 fast / delayed, single setting","R2 fast / delayed, dual setting",Primary fuse melts / clears,"Fuse saving, single setting","Fuse saving, dual setting","Reason if lost, single","Reason if lost, dual","Fuse saving with the no-DG-design fuses, single setting","Fuse saving with the no-DG-design fuses, dual setting"
01,Fig. 8,LG fault at 611,LG,C,0,2236,1814,forward,1718,forward,0.435 s / 8.709 s,0.128 s / 6.986 s,0.128 s / 6.986 s,F684 200E: 0.271 s / 0.414 s,HELD,HELD,,,HELD,HELD
02,Fig. 9,LLG fault at the middle of 692-675,LLG,ABC,1,2084,1445,forward,1310,forward,0.742 s / 14.843 s,0.204 s / 13.798 s,0.204 s / 13.798 s,F692-R 250E: 0.618 s / 0.981 s,HELD,HELD,,,HELD,HELD
03,Fig. 11,LL fault at 646,LL,BC,1,2384,1899,forward,847,reverse,0.395 s / 7.895 s,0.500 s / no trip,0.131 s / 7.246 s,F646 400E: 1.734 s / 3.872 s,LOST,LOST,series F646/F632: TCT 3.872 > 0.75 x MMT 3.701,series F646/F632: TCT 3.872 > 0.75 x MMT 3.701,HELD,HELD
04,Fig. 12,LL fault at 645,LL,BC,1.5,2137,1694,forward,783,reverse,0.507 s / 10.145 s,0.605 s / no trip,0.149 s / 8.816 s,F632 500E: 9.129 s / 25.861 s,LOST,LOST,R1 delayed (10.145 s) before F632 clears (25.861 s),R1 delayed (10.145 s) before F632 clears (25.861 s),HELD,HELD
05,Fig. 13,3-phase fault at 10 % of 632-633,LLL,ABC,0,6398,4645,forward,1777,reverse,0.084 s / 1.672 s,0.121 s / 6.426 s,0.052 s / 1.470 s,F633 400E: 0.100 s / 0.163 s,LOST,HELD,F633 melts (0.100 s) before R2 fast (0.121 s),,LOST,LOST
06,"Figs. 15, 16",LL fault at 646,LL,BC,0,3672,2785,forward,1114,reverse,0.189 s / 3.770 s,0.278 s / no trip,0.086 s / 3.771 s,F646 400E: 0.415 s / 0.684 s,HELD,HELD,,,LOST,LOST
07,Fig. 14 / 17 cell,LG fault at 646 (phase c),LG,C,0,2732,2359,forward,469,reverse,0.255 s / 5.105 s,no trip / no trip,0.396 s / no trip,F646 400E: 1.057 s / 2.058 s,LOST,HELD,R2 does not pick up (469 A),,LOST,LOST
08,Fig. 14 / 17 cell,LG fault at 633 (phase b),LG,B,0,3443,2874,forward,644,reverse,0.178 s / 3.567 s,0.974 s / no trip,0.210 s / 14.426 s,F633 400E: 0.502 s / 0.846 s,LOST,HELD,F633 melts (0.502 s) before R2 fast (0.974 s),,LOST,LOST
09,Fig. 14 / 17 cell,LG fault at 692 (phase a),LG,A,0,2100,2197,forward,2182,forward,0.293 s / 5.856 s,0.089 s / 3.958 s,0.089 s / 3.958 s,F671-1 400E: 2.842 s / 7.580 s,LOST,LOST,R2 delayed (3.958 s) before F671-1 clears (7.580 s),R2 delayed (3.958 s) before F671-1 clears (7.580 s),HELD,HELD
