Faulted bus,Fault type,Phases,Zf (ohm),Fault current (A),R1 current (A),R1 sign,R1 direction,R2 current (A),R2 sign,R2 direction
632,LLL,ABC,0,4735.2,4734.6,+,forward,0.5,0,no current
632,LLG,AB,0,4422.7,4524.0,+,forward,396.0,+,forward
632,LLG,BC,0,4198.1,4268.9,+,forward,485.6,+,forward
632,LLG,AC,0,4186.9,4296.9,+,forward,160.5,+,forward
632,LL,AB,0,4148.7,4382.9,+,forward,409.2,+,forward
632,LL,BC,0,3903.1,4045.4,+,forward,479.3,+,forward
632,LL,AC,0,3947.5,4173.2,+,forward,218.4,+,forward
632,LG,A,0,3462.1,3555.0,+,forward,387.5,+,forward
632,LG,B,0,3492.7,3552.7,+,forward,475.3,+,forward
632,LG,C,0,3398.0,3505.7,+,forward,477.5,+,forward
632,LG,A,3,742.9,1237.1,+,forward,444.0,+,forward
632,LG,B,3,777.3,1149.9,+,forward,465.0,+,forward
632,LG,C,3,739.2,1265.8,+,forward,467.4,+,forward
633,LLL,ABC,0,4102.5,4162.2,+,forward,65.9,+,forward
633,LLG,AB,0,3805.5,3958.2,+,forward,399.4,+,forward
633,LLG,BC,0,3640.8,3742.7,+,forward,480.2,+,forward
633,LLG,AC,0,3640.8,3805.8,+,forward,162.3,+,forward
633,LL,AB,0,3562.9,3838.0,+,forward,411.9,+,forward
633,LL,BC,0,3361.2,3536.6,+,forward,475.8,+,forward
633,LL,AC,0,3440.0,3711.1,+,forward,206.5,+,forward
633,LG,A,0,3023.1,3162.2,+,forward,392.3,+,forward
633,LG,B,0,3055.0,3142.9,+,forward,473.1,+,forward
633,LG,C,0,2960.8,3116.8,+,forward,475.0,+,forward
633,LG,A,3,721.2,1214.8,+,forward,443.2,+,forward
633,LG,B,3,754.4,1125.1,+,forward,465.3,+,forward
633,LG,C,3,718.3,1244.4,+,forward,467.4,+,forward
634,LLL,ABC,0,15671.0,2034.2,+,forward,298.5,+,forward
634,LLG,AB,0,15046.1,1983.1,+,forward,410.0,+,forward
634,LLG,BC,0,14749.4,1894.6,+,forward,472.2,+,forward
634,LLG,AC,0,14601.8,1969.2,+,forward,302.8,+,forward
634,LL,AB,0,13479.0,1955.5,+,forward,417.6,+,forward
634,LL,BC,0,13250.0,1802.8,+,forward,470.7,+,forward
634,LL,AC,0,13195.9,1941.1,+,forward,325.8,+,forward
634,LG,A,0,13490.0,1822.7,+,forward,406.5,+,forward
634,LG,B,0,13811.9,1766.2,+,forward,470.2,+,forward
634,LG,C,0,13296.8,1825.5,+,forward,471.9,+,forward
634,LG,A,3,91.3,587.7,+,forward,469.8,+,forward
634,LG,B,3,95.8,587.7,+,forward,469.9,+,forward
634,LG,C,3,91.5,596.7,+,forward,470.0,+,forward
645,LLG,BC,0,3418.2,3527.9,+,forward,477.6,+,forward
645,LL,BC,0,3249.9,3423.2,+,forward,473.2,+,forward
645,LG,C,0,2702.2,2895.4,+,forward,474.9,+,forward
645,LG,B,0,2802.9,2906.5,+,forward,472.5,+,forward
645,LG,C,3,705.5,1234.4,+,forward,467.6,+,forward
645,LG,B,3,739.6,1109.8,+,forward,465.4,+,forward
646,LLG,BC,0,3112.2,3191.7,+,forward,474.8,+,forward
646,LL,BC,0,2936.5,3130.5,+,forward,471.0,+,forward
646,LG,C,0,2402.4,2632.2,+,forward,474.0,+,forward
646,LG,B,0,2496.2,2625.2,+,forward,471.5,+,forward
646,LG,C,3,686.2,1216.4,+,forward,467.8,+,forward
646,LG,B,3,719.5,1090.1,+,forward,465.6,+,forward
671,LLL,ABC,0,3390.1,3412.7,+,forward,3390.1,+,forward
671,LLG,AB,0,3179.1,3296.9,+,forward,3268.2,+,forward
671,LLG,BC,0,2922.3,3045.8,+,forward,2987.2,+,forward
671,LLG,AC,0,2927.1,3067.9,+,forward,2988.7,+,forward
671,LL,AB,0,2961.5,3211.7,+,forward,3165.3,+,forward
671,LL,BC,0,2724.6,2911.3,+,forward,2809.6,+,forward
671,LL,AC,0,2781.5,3030.3,+,forward,2927.6,+,forward
671,LG,A,0,2280.2,2413.9,+,forward,2395.2,+,forward
671,LG,B,0,2302.8,2433.4,+,forward,2381.8,+,forward
671,LG,C,0,2203.8,2371.3,+,forward,2297.5,+,forward
671,LG,A,3,667.9,1151.6,+,forward,1078.8,+,forward
671,LG,B,3,728.5,1101.6,+,forward,907.4,+,forward
671,LG,C,3,658.8,1176.9,+,forward,1032.2,+,forward
692,LLL,ABC,0,3390.1,3412.7,+,forward,3390.1,+,forward
692,LLG,AB,0,3179.1,3296.9,+,forward,3268.2,+,forward
692,LLG,BC,0,2922.3,3045.8,+,forward,2987.2,+,forward
692,LLG,AC,0,2927.1,3067.9,+,forward,2988.7,+,forward
692,LL,AB,0,2961.5,3211.7,+,forward,3165.3,+,forward
692,LL,BC,0,2724.6,2911.3,+,forward,2809.6,+,forward
692,LL,AC,0,2781.5,3030.3,+,forward,2927.6,+,forward
692,LG,A,0,2280.2,2413.9,+,forward,2395.2,+,forward
692,LG,B,0,2302.8,2433.4,+,forward,2381.8,+,forward
692,LG,C,0,2203.8,2371.3,+,forward,2297.5,+,forward
692,LG,A,3,667.9,1151.6,+,forward,1078.8,+,forward
692,LG,B,3,728.5,1101.6,+,forward,907.4,+,forward
692,LG,C,3,658.8,1176.9,+,forward,1032.2,+,forward
675,LLL,ABC,0,3151.2,3202.2,+,forward,3174.3,+,forward
675,LLG,AB,0,2990.2,3126.3,+,forward,3093.2,+,forward
675,LLG,BC,0,2784.4,2925.8,+,forward,2856.5,+,forward
675,LLG,AC,0,2747.1,2912.4,+,forward,2825.9,+,forward
675,LL,AB,0,2769.3,3034.5,+,forward,2984.8,+,forward
675,LL,BC,0,2568.2,2771.6,+,forward,2661.3,+,forward
675,LL,AC,0,2587.6,2857.4,+,forward,2749.2,+,forward
675,LG,A,0,2117.3,2274.5,+,forward,2249.2,+,forward
675,LG,B,0,2160.3,2316.0,+,forward,2249.0,+,forward
675,LG,C,0,2052.0,2249.5,+,forward,2165.4,+,forward
675,LG,A,3,646.2,1128.0,+,forward,1054.5,+,forward
675,LG,B,3,711.3,1085.4,+,forward,890.3,+,forward
675,LG,C,3,640.4,1157.6,+,forward,1012.0,+,forward
680,LLL,ABC,0,2929.6,3005.5,+,forward,2975.6,+,forward
680,LLG,AB,0,2688.3,2872.2,+,forward,2832.9,+,forward
680,LLG,BC,0,2467.4,2621.7,+,forward,2539.2,+,forward
680,LLG,AC,0,2493.7,2667.8,+,forward,2571.0,+,forward
680,LL,AB,0,2574.5,2861.6,+,forward,2809.9,+,forward
680,LL,BC,0,2342.8,2553.6,+,forward,2436.2,+,forward
680,LL,AC,0,2394.5,2683.5,+,forward,2570.6,+,forward
680,LG,A,0,1820.7,1997.5,+,forward,1968.3,+,forward
680,LG,B,0,1861.1,2011.2,+,forward,1938.5,+,forward
680,LG,C,0,1766.5,1973.6,+,forward,1882.9,+,forward
680,LG,A,3,644.5,1129.9,+,forward,1056.4,+,forward
680,LG,B,3,701.5,1074.4,+,forward,878.5,+,forward
680,LG,C,3,635.5,1154.7,+,forward,1007.6,+,forward
684,LLG,AC,0,2655.3,2835.5,+,forward,2744.5,+,forward
684,LL,AC,0,2540.4,2821.0,+,forward,2711.3,+,forward
684,LG,A,0,2076.2,2241.4,+,forward,2215.9,+,forward
684,LG,C,0,2008.8,2208.4,+,forward,2124.0,+,forward
684,LG,A,3,650.1,1134.1,+,forward,1060.8,+,forward
684,LG,C,3,640.3,1158.9,+,forward,1013.0,+,forward
652,LG,A,0,1873.7,2093.8,+,forward,2058.7,+,forward
652,LG,A,3,617.2,1102.4,+,forward,1028.3,+,forward
611,LG,C,0,1857.2,2084.5,+,forward,1991.4,+,forward
611,LG,C,3,622.7,1141.7,+,forward,994.8,+,forward
DL,LLL,ABC,0,3946.4,3959.0,+,forward,1.4,+,forward
DL,LLG,AB,0,3649.9,3769.7,+,forward,403.2,+,forward
DL,LLG,BC,0,3398.3,3503.5,+,forward,496.5,+,forward
DL,LLG,AC,0,3412.7,3538.2,+,forward,166.0,+,forward
DL,LL,AB,0,3452.5,3696.0,+,forward,408.4,+,forward
DL,LL,BC,0,3201.8,3369.8,+,forward,478.1,+,forward
DL,LL,AC,0,3258.6,3496.4,+,forward,219.0,+,forward
DL,LG,A,0,2666.5,2785.8,+,forward,393.1,+,forward
DL,LG,B,0,2695.1,2796.5,+,forward,481.5,+,forward
DL,LG,C,0,2602.0,2744.6,+,forward,485.8,+,forward
DL,LG,A,3,703.9,1193.5,+,forward,433.2,+,forward
DL,LG,B,3,752.1,1125.1,+,forward,461.2,+,forward
DL,LG,C,3,697.1,1219.5,+,forward,471.1,+,forward
