Bus,Phase,V without DG (kV),V with DG (kV),dV (kV),V without DG (pu),V with DG (pu)
650,A,2.3973,2.4220,+0.0248,0.9981,1.0084
650,B,2.4426,2.4498,+0.0072,1.0170,1.0200
650,C,2.3967,2.4155,+0.0187,0.9979,1.0057
RG60,A,2.5471,2.5734,+0.0263,1.0605,1.0715
RG60,B,2.5648,2.5723,+0.0075,1.0679,1.0710
RG60,C,2.5615,2.5815,+0.0200,1.0665,1.0748
632,A,2.4466,2.5176,+0.0709,1.0187,1.0482
632,B,2.5497,2.5554,+0.0057,1.0616,1.0640
632,C,2.4358,2.4886,+0.0527,1.0142,1.0361
633,A,2.4396,2.5108,+0.0711,1.0158,1.0454
633,B,2.5429,2.5485,+0.0056,1.0588,1.0611
633,C,2.4315,2.4845,+0.0529,1.0124,1.0344
634,A,0.2749,0.2833,+0.0084,0.9918,1.0221
634,B,0.2884,0.2890,+0.0007,1.0406,1.0430
634,C,0.2754,0.2816,+0.0062,0.9936,1.0161
645,B,2.5314,2.5371,+0.0057,1.0540,1.0563
645,C,2.4273,2.4799,+0.0526,1.0106,1.0325
646,B,2.5272,2.5328,+0.0057,1.0522,1.0546
646,C,2.4223,2.4749,+0.0526,1.0085,1.0304
671,A,2.3722,2.4820,+0.1098,0.9877,1.0334
671,B,2.5752,2.5791,+0.0039,1.0722,1.0738
671,C,2.3423,2.4244,+0.0821,0.9753,1.0094
692,A,2.3722,2.4820,+0.1098,0.9877,1.0334
692,B,2.5752,2.5791,+0.0039,1.0722,1.0738
692,C,2.3423,2.4244,+0.0821,0.9753,1.0094
675,A,2.3558,2.4669,+0.1111,0.9809,1.0271
675,B,2.5859,2.5893,+0.0034,1.0767,1.0781
675,C,2.3367,2.4191,+0.0825,0.9729,1.0072
680,A,2.3722,2.4820,+0.1098,0.9877,1.0334
680,B,2.5752,2.5791,+0.0039,1.0722,1.0738
680,C,2.3423,2.4244,+0.0821,0.9753,1.0094
684,A,2.3679,2.4774,+0.1095,0.9859,1.0315
684,C,2.3373,2.4195,+0.0822,0.9732,1.0074
652,A,2.3564,2.4654,+0.1090,0.9811,1.0265
611,C,2.3327,2.4150,+0.0823,0.9712,1.0055
DL,A,2.4084,2.4995,+0.0911,1.0028,1.0407
DL,B,2.5617,2.5663,+0.0046,1.0666,1.0685
DL,C,2.3872,2.4549,+0.0677,0.9939,1.0221
DG,A,0.4025,0.4104,+0.0079,1.0103,1.0302
DG,B,0.4133,0.4139,+0.0006,1.0376,1.0390
DG,C,0.3931,0.4091,+0.0160,0.9868,1.0269
