Protection section,Farthest node,Line length to it,Fault type,Faulted phase,Zf (ohm),Fault current (A),"If,min through the section (A)",Lowest LG-3-ohm current in the section
RG60-632,652,5100,LG,A,3,668.3,645.3,"576.6 A (fault at 675, phase B)"
632-633,633,500,LG,C,3,747.9,789.3,"789.3 A (fault at 633, phase C)"
632-645,646,800,LG,C,3,714.3,757.3,"757.3 A (fault at 646, phase C)"
632-671,652,1100,LG,A,3,668.3,568.2,"367.7 A (fault at 675, phase B)"
XFM1-HV-side,634,0,LG,B,3,96.1,78.8,"78.8 A (fault at 634, phase B)"
XFM1-LV-side,634,0,LG,B,3,96.1,685.0,"685.0 A (fault at 634, phase B)"
645-646,646,300,LG,C,3,714.3,757.3,"757.3 A (fault at 646, phase C)"
671-692,675,500,LG,B,3,740.3,317.5,"317.5 A (fault at 675, phase B)"
671-684,652,1100,LG,A,3,668.3,713.4,"713.4 A (fault at 652, phase A)"
671-680,680,1000,LG,C,3,685.1,685.1,"685.1 A (fault at 680, phase C)"
692-675,675,500,LG,B,3,740.3,764.9,"764.9 A (fault at 675, phase B)"
684-611,611,300,LG,C,3,670.1,729.1,"729.1 A (fault at 611, phase C)"
684-652,652,800,LG,A,3,668.3,713.4,"713.4 A (fault at 652, phase A)"
