From node,To node,P DG out (kW),P DG in (kW),Change (kW),Note
SubstationHV,650,+3618.2,+310.3,-3307.9,
650,RG60,+3583.0,+302.3,-3280.7,
RG60,632,+3583.0,+302.3,-3280.7,
632,633,+406.3,+406.1,-0.3,
632,645,+420.9,+425.6,+4.6,
632,nDL1,+2696.3,-543.3,-3239.6,REVERSED by the DG
633,634,+405.4,+405.2,-0.2,
645,646,+247.6,+252.2,+4.6,
nDL1,nDL2,+2649.8,-585.3,-3235.1,REVERSED by the DG
nDL2,nDL,+2603.5,-627.3,-3230.9,REVERSED by the DG
nDL,nDL4,+2557.4,-669.3,-3226.7,REVERSED by the DG
nDL,DL,+40.0,+40.0,-0.0,
nDL4,nDL5,+2511.5,-711.3,-3222.8,REVERSED by the DG
nDL5,671,+2465.7,-753.3,-3219.0,REVERSED by the DG
671,684,+290.0,+307.6,+17.6,
671,680,+0.0,+0.0,+0.0,
671,692,+1015.1,-2217.8,-3233.0,REVERSED by the DG
684,652,+123.9,+135.7,+11.7,
684,611,+165.5,+171.3,+5.8,
692,675,+847.4,+847.0,-0.4,
692,DG,+0.0,-3240.0,-3240.0,carries the DG output
