From,To,Inom (A),paper Inom (A),dev.,"If,min (kA)","paper If,min (kA)",dev.,"If,max (kA)","paper If,max (kA)",dev.
RG60,632,587.7,587.1,+0 %,1.07,1.24,-14 %,4.73,5.41,-13 %
632,633,81.0,81.1,-0 %,0.76,0.72,+6 %,4.1,6.73,-39 %
632,645,143.1,143.3,-0 %,0.73,0.93,-22 %,3.42,4.25,-20 %
632,671,470.0,478.2,-2 %,0.88,1.08,-19 %,3.39,4.52,-25 %
XFM1-HV,side,81.0,81.1,-0 %,0.08,0.73,-89 %,1.81,6.48,-72 %
XFM1-LV,side,706.4,704.7,+0 %,0.71,0.59,+20 %,15.67,18.76,-16 %
645,646,66.1,64.9,+2 %,0.73,0.84,-13 %,3.11,3.64,-15 %
671,692,229.7,229.3,+0 %,0.74,0.78,-5 %,3.39,3.69,-8 %
671,684,71.1,70.9,+0 %,0.66,0.69,-4 %,2.66,3.47,-23 %
671,680,0.0,0.0,---,0.64,0.59,+8 %,2.93,6.25,-53 %
692,675,205.9,205.9,+0 %,0.74,0.71,+4 %,3.15,7.83,-60 %
684,611,71.1,70.8,+0 %,0.68,0.63,+8 %,1.86,1.93,-4 %
684,652,63.0,63.1,-0 %,0.66,0.66,+0 %,1.87,2.67,-30 %
