Node,Fault,I R1 (A),R1 fast (s),R1 delayed (s),I R2 (A),R2 dir.,R2 fast (s),R2 delayed (s),Fuse,Size,I fuse (A),Fuse t_MMT (s),Fuse t_TCT (s),Last fast trip (s),Margin t_MMT - fast (s),Status
632,LLL,4734,0.081,1.627,1813,rev,0.051,1.416,---,---,---,---,---,0.081,---,held
633,LLL,3970,0.106,2.111,1500,rev,0.060,2.001,F633,400E,5426,0.149,0.235,0.106,+0.043,held
645,LL,3124,0.155,3.095,1232,rev,0.075,3.002,F632,500E,4191,0.613,0.970,0.155,+0.458,held
646,LL,2785,0.189,3.770,1114,rev,0.086,3.771,F646,400E,3672,0.415,0.684,0.189,+0.226,held
DL,LLL,3954,0.106,2.123,1972,rev,0.048,1.213,F-DL,400E,5902,0.121,0.193,0.106,+0.015,held
671,LLL,3412,0.134,2.677,3391,fwd,0.054,1.600,---,---,---,---,---,0.054,---,held
692,LLL,3412,0.134,2.677,3391,fwd,0.054,1.600,F671-1,400E,3391,0.525,0.891,0.054,+0.471,held
675,LLL,3090,0.158,3.152,3050,fwd,0.059,1.941,F692-R,250E,5022,0.065,0.106,0.059,+0.006,held
684,LL,2543,0.222,4.437,2543,fwd,0.072,2.813,F671-2,300E,3963,0.148,0.230,0.072,+0.076,held
680,LLL,2789,0.188,3.761,2757,fwd,0.066,2.381,---,---,---,---,---,0.066,---,held
611,LG,1814,0.435,8.709,1718,fwd,0.128,6.986,F684,200E,2236,0.271,0.414,0.128,+0.143,held
652,LG,1795,0.446,8.919,1761,fwd,0.123,6.570,F652,150E,2239,0.138,0.193,0.123,+0.015,held
