Node,Fault (largest),"If,max 0 % (A)","If,max 10 % (A)","If,max 25 % (A)","If,max 37 % (A)","If,max 50 % (A)","If,max 75 % (A)","If,max 100 % (A)",change 0 -> 100 %,I R1 0 % (A),I R1 10 % (A),I R1 25 % (A),I R1 37 % (A),I R1 50 % (A),I R1 75 % (A),I R1 100 % (A),I R2 0 % (A),I R2 10 % (A),I R2 25 % (A),I R2 37 % (A),I R2 50 % (A),I R2 75 % (A),I R2 100 % (A),R2 direction at 100 %
632,LLL ABC,4735,4935,5227,5453,5690,6123,6526,+38 %,4735,4734,4734,4734,4734,4734,4734,0,207,507,737,976,1411,1813,rev
633,LLL ABC,4102,4256,4478,4648,4824,5140,5426,+32 %,4162,4142,4111,4088,4062,4015,3970,66,161,416,610,811,1171,1500,rev
634,LLL ABC,15671,15941,16307,16570,16828,17257,17608,+12 %,2034,1982,1908,1852,1796,1696,1611,298,228,145,214,304,467,618,rev
645,LLG BC,3418,3526,3685,3807,3932,4149,4341,+27 %,3528,3492,3437,3400,3383,3355,3330,478,424,346,460,638,962,1262,rev
646,LLG BC,3112,3203,3332,3429,3528,3701,3854,+24 %,3192,3168,3135,3111,3085,3040,3000,475,421,342,404,567,862,1135,rev
671,LLL ABC,3390,3600,3919,4178,4461,5010,5564,+64 %,3413,3413,3412,3412,3412,3412,3412,3390,3390,3390,3390,3391,3391,3391,fwd
692,LLL ABC,3390,3600,3919,4178,4461,5010,5564,+64 %,3413,3413,3412,3412,3412,3412,3412,3390,3390,3390,3390,3391,3391,3391,fwd
675,LLL ABC,3151,3335,3612,3840,4087,4557,5022,+59 %,3202,3191,3174,3161,3147,3119,3090,3174,3163,3145,3131,3115,3083,3050,fwd
680,LLL ABC,2930,3087,3322,3510,3711,4091,4460,+52 %,3006,2984,2951,2925,2896,2842,2789,2976,2954,2920,2894,2865,2810,2757,fwd
684,LLG AC,2655,2802,3027,3204,3395,3756,4107,+55 %,2836,2814,2782,2755,2725,2668,2669,2744,2723,2689,2661,2651,2650,2651,fwd
652,LG A,1874,1919,1983,2031,2080,2164,2239,+19 %,2094,2060,2011,1973,1933,1861,1795,2059,2025,1976,1938,1899,1827,1761,fwd
611,LG C,1857,1906,1973,2023,2074,2161,2236,+20 %,2084,2052,2006,1972,1935,1871,1814,1991,1959,1912,1877,1840,1775,1718,fwd
DL,LLL ABC,3946,4150,4454,4694,4952,5436,5902,+50 %,3959,3958,3958,3957,3957,3955,3954,1,209,519,762,1021,1506,1972,rev
