node,fault,without DSDR (Fig14),with DSDR (Fig17),"revised fuses, conventional R2"
632,LG,held,held,held
632,LL,held,held,held
632,LLG,held,held,held
632,LLL,held,held,held
633,LG,lost,held,lost
633,LL,lost,held,lost
633,LLG,lost,held,lost
633,LLL,lost,held,lost
634,LG,n/a,n/a,n/a
634,LL,n/a,n/a,n/a
634,LLG,n/a,n/a,n/a
634,LLL,n/a,n/a,n/a
645,LG,lost,held,lost
645,LL,held,held,held
645,LLG,held,held,held
645,LLL,n/a,n/a,n/a
646,LG,lost,held,lost
646,LL,lost,held,held
646,LLG,lost,held,held
646,LLL,n/a,n/a,n/a
671,LG,held,held,held
671,LL,held,held,held
671,LLG,held,held,held
671,LLL,held,held,held
692,LG,held,lost,lost
692,LL,held,held,held
692,LLG,held,held,held
692,LLL,held,held,held
675,LG,held,held,held
675,LL,lost,held,held
675,LLG,lost,held,held
675,LLL,lost,held,held
680,LG,held,held,held
680,LL,held,held,held
680,LLG,held,held,held
680,LLL,held,held,held
684,LG,held,held,held
684,LL,held,held,held
684,LLG,held,held,held
684,LLL,n/a,n/a,n/a
652,LG,held,held,held
652,LL,n/a,n/a,n/a
652,LLG,n/a,n/a,n/a
652,LLL,n/a,n/a,n/a
611,LG,held,held,held
611,LL,n/a,n/a,n/a
611,LLG,n/a,n/a,n/a
611,LLL,n/a,n/a,n/a
DL,LG,lost,held,lost
DL,LL,lost,held,held
DL,LLG,lost,held,held
DL,LLL,lost,held,held
