node,fault,phases,DG,device,PowerFactory t (s),Python t (s),deviation %
632,LG,A,0.0,R1 Fast,0.1253,0.1253,0.00
632,LG,A,0.0,R1 Delayed,2.5068,2.5068,0.00
632,LG,A,0.0,R2 Fast,no trip,no trip,0.00
632,LG,A,0.0,R2 Delayed,no trip,no trip,0.00
632,LG,A,0.0,R2 Rev Fast,0.6145,0.6202,0.92
632,LG,A,0.0,R2 Rev Delayed,no trip,no trip,0.00
632,LG,B,0.0,R1 Fast,0.1255,0.1255,0.00
632,LG,B,0.0,R1 Delayed,2.5093,2.5093,0.00
632,LG,B,0.0,R2 Fast,no trip,no trip,0.00
632,LG,B,0.0,R2 Delayed,no trip,no trip,0.00
632,LG,B,0.0,R2 Rev Fast,0.3818,0.3851,0.88
632,LG,B,0.0,R2 Rev Delayed,no trip,no trip,0.00
632,LG,C,0.0,R1 Fast,0.1282,0.1282,0.00
632,LG,C,0.0,R1 Delayed,2.5632,2.5632,0.00
632,LG,C,0.0,R2 Fast,no trip,no trip,0.00
632,LG,C,0.0,R2 Delayed,no trip,no trip,0.00
632,LG,C,0.0,R2 Rev Fast,0.3781,0.3816,0.93
632,LG,C,0.0,R2 Rev Delayed,no trip,no trip,0.00
632,LL,AB,0.0,R1 Fast,0.0910,0.0910,0.00
632,LL,AB,0.0,R1 Delayed,1.8197,1.8197,0.00
632,LL,AB,0.0,R2 Fast,no trip,no trip,0.00
632,LL,AB,0.0,R2 Delayed,no trip,no trip,0.00
632,LL,AB,0.0,R2 Rev Fast,0.5383,0.5430,0.86
632,LL,AB,0.0,R2 Rev Delayed,no trip,no trip,0.00
632,LL,BC,0.0,R1 Fast,0.1026,0.1026,0.00
632,LL,BC,0.0,R1 Delayed,2.0511,2.0512,0.00
632,LL,BC,0.0,R2 Fast,no trip,no trip,0.00
632,LL,BC,0.0,R2 Delayed,no trip,no trip,0.00
632,LL,BC,0.0,R2 Rev Fast,0.3751,0.3787,0.96
632,LL,BC,0.0,R2 Rev Delayed,no trip,no trip,0.00
632,LL,AC,0.0,R1 Fast,0.0979,0.0979,0.00
632,LL,AC,0.0,R1 Delayed,1.9572,1.9572,0.00
632,LL,AC,0.0,R2 Fast,no trip,no trip,0.00
632,LL,AC,0.0,R2 Delayed,no trip,no trip,0.00
632,LL,AC,0.0,R2 Rev Fast,no trip,no trip,0.00
632,LL,AC,0.0,R2 Rev Delayed,no trip,no trip,0.00
632,LLG,AB,0.0,R1 Fast,0.0869,0.0869,0.00
632,LLG,AB,0.0,R1 Delayed,1.7371,1.7371,0.00
632,LLG,AB,0.0,R2 Fast,no trip,no trip,0.00
632,LLG,AB,0.0,R2 Delayed,no trip,no trip,0.00
632,LLG,AB,0.0,R2 Rev Fast,0.5826,0.5881,0.93
632,LLG,AB,0.0,R2 Rev Delayed,no trip,no trip,0.00
632,LLG,BC,0.0,R1 Fast,0.0946,0.0946,0.00
632,LLG,BC,0.0,R1 Delayed,1.8921,1.8921,0.00
632,LLG,BC,0.0,R2 Fast,no trip,no trip,0.00
632,LLG,BC,0.0,R2 Delayed,no trip,no trip,0.00
632,LLG,BC,0.0,R2 Rev Fast,0.3647,0.3686,1.07
632,LLG,BC,0.0,R2 Rev Delayed,no trip,no trip,0.00
632,LLG,AC,0.0,R1 Fast,0.0937,0.0937,0.00
632,LLG,AC,0.0,R1 Delayed,1.8738,1.8738,0.00
632,LLG,AC,0.0,R2 Fast,no trip,no trip,0.00
632,LLG,AC,0.0,R2 Delayed,no trip,no trip,0.00
632,LLG,AC,0.0,R2 Rev Fast,no trip,no trip,0.00
632,LLG,AC,0.0,R2 Rev Delayed,no trip,no trip,0.00
632,LLL,ABC,0.0,R1 Fast,0.0813,0.0813,0.00
632,LLL,ABC,0.0,R1 Delayed,1.6265,1.6265,0.00
632,LLL,ABC,0.0,R2 Fast,no trip,no trip,0.00
632,LLL,ABC,0.0,R2 Delayed,no trip,no trip,0.00
632,LLL,ABC,0.0,R2 Rev Fast,no trip,no trip,0.00
632,LLL,ABC,0.0,R2 Rev Delayed,no trip,no trip,0.00
633,LG,A,0.0,R1 Fast,0.1517,0.1517,0.00
633,LG,A,0.0,R1 Delayed,3.0331,3.0331,0.00
633,LG,A,0.0,R2 Fast,no trip,no trip,0.00
633,LG,A,0.0,R2 Delayed,no trip,no trip,0.00
633,LG,A,0.0,R2 Rev Fast,0.5963,0.6019,0.92
633,LG,A,0.0,R2 Rev Delayed,no trip,no trip,0.00
633,LG,A,0.0,F633 MMT,0.7632,0.7635,0.03
633,LG,B,0.0,R1 Fast,0.1532,0.1532,0.00
633,LG,B,0.0,R1 Delayed,3.0643,3.0643,0.00
633,LG,B,0.0,R2 Fast,no trip,no trip,0.00
633,LG,B,0.0,R2 Delayed,no trip,no trip,0.00
633,LG,B,0.0,R2 Rev Fast,0.3857,0.3889,0.83
633,LG,B,0.0,R2 Rev Delayed,no trip,no trip,0.00
633,LG,B,0.0,F633 MMT,0.7374,0.7377,0.04
633,LG,C,0.0,R1 Fast,0.1554,0.1554,0.00
633,LG,C,0.0,R1 Delayed,3.1073,3.1073,0.00
633,LG,C,0.0,R2 Fast,no trip,no trip,0.00
633,LG,C,0.0,R2 Delayed,no trip,no trip,0.00
633,LG,C,0.0,R2 Rev Fast,0.3823,0.3856,0.87
633,LG,C,0.0,R2 Rev Delayed,no trip,no trip,0.00
633,LG,C,0.0,F633 MMT,0.8168,0.8169,0.02
633,LL,AB,0.0,R1 Fast,0.1112,0.1112,0.00
633,LL,AB,0.0,R1 Delayed,2.2232,2.2232,0.00
633,LL,AB,0.0,R2 Fast,no trip,no trip,0.00
633,LL,AB,0.0,R2 Delayed,no trip,no trip,0.00
633,LL,AB,0.0,R2 Rev Fast,0.5300,0.5344,0.83
633,LL,AB,0.0,R2 Rev Delayed,no trip,no trip,0.00
633,LL,AB,0.0,F633 MMT,0.4443,0.4448,0.11
633,LL,BC,0.0,R1 Fast,0.1264,0.1264,0.00
633,LL,BC,0.0,R1 Delayed,2.5276,2.5276,0.00
633,LL,BC,0.0,R2 Fast,no trip,no trip,0.00
633,LL,BC,0.0,R2 Delayed,no trip,no trip,0.00
633,LL,BC,0.0,R2 Rev Fast,0.3810,0.3844,0.89
633,LL,BC,0.0,R2 Rev Delayed,no trip,no trip,0.00
633,LL,BC,0.0,F633 MMT,0.5306,0.5310,0.08
633,LL,AC,0.0,R1 Fast,0.1171,0.1171,0.00
633,LL,AC,0.0,R1 Delayed,2.3425,2.3425,0.00
633,LL,AC,0.0,R2 Fast,no trip,no trip,0.00
633,LL,AC,0.0,R2 Delayed,no trip,no trip,0.00
633,LL,AC,0.0,R2 Rev Fast,no trip,no trip,0.00
633,LL,AC,0.0,R2 Rev Delayed,no trip,no trip,0.00
633,LL,AC,0.0,F633 MMT,0.4955,0.4956,0.01
633,LLG,AB,0.0,R1 Fast,0.1060,0.1060,0.00
633,LLG,AB,0.0,R1 Delayed,2.1203,2.1203,0.00
633,LLG,AB,0.0,R2 Fast,no trip,no trip,0.00
633,LLG,AB,0.0,R2 Delayed,no trip,no trip,0.00
633,LLG,AB,0.0,R2 Rev Fast,0.5709,0.5762,0.91
633,LLG,AB,0.0,R2 Rev Delayed,no trip,no trip,0.00
633,LLG,AB,0.0,F633 MMT,0.3741,0.3745,0.11
633,LLG,BC,0.0,R1 Fast,0.1156,0.1156,0.00
633,LLG,BC,0.0,R1 Delayed,2.3117,2.3117,0.00
633,LLG,BC,0.0,R2 Fast,no trip,no trip,0.00
633,LLG,BC,0.0,R2 Delayed,no trip,no trip,0.00
633,LLG,BC,0.0,R2 Rev Fast,0.3735,0.3771,0.98
633,LLG,BC,0.0,R2 Rev Delayed,no trip,no trip,0.00
633,LLG,BC,0.0,F633 MMT,0.4251,0.4255,0.10
633,LLG,AC,0.0,R1 Fast,0.1126,0.1126,0.00
633,LLG,AC,0.0,R1 Delayed,2.2524,2.2524,0.00
633,LLG,AC,0.0,R2 Fast,no trip,no trip,0.00
633,LLG,AC,0.0,R2 Delayed,no trip,no trip,0.00
633,LLG,AC,0.0,R2 Rev Fast,no trip,no trip,0.00
633,LLG,AC,0.0,R2 Rev Delayed,no trip,no trip,0.00
633,LLG,AC,0.0,F633 MMT,0.4248,0.4252,0.10
633,LLL,ABC,0.0,R1 Fast,0.0982,0.0982,0.00
633,LLL,ABC,0.0,R1 Delayed,1.9650,1.9650,0.00
633,LLL,ABC,0.0,R2 Fast,no trip,no trip,0.00
633,LLL,ABC,0.0,R2 Delayed,no trip,no trip,0.00
633,LLL,ABC,0.0,R2 Rev Fast,no trip,no trip,0.00
633,LLL,ABC,0.0,R2 Rev Delayed,no trip,no trip,0.00
633,LLL,ABC,0.0,F633 MMT,0.3031,0.3032,0.04
645,LG,C,0.0,R1 Fast,0.1761,0.1761,0.00
645,LG,C,0.0,R1 Delayed,3.5227,3.5227,0.00
645,LG,C,0.0,R2 Fast,no trip,no trip,0.00
645,LG,C,0.0,R2 Delayed,no trip,no trip,0.00
645,LG,C,0.0,R2 Rev Fast,0.3825,0.3858,0.87
645,LG,C,0.0,R2 Rev Delayed,no trip,no trip,0.00
645,LG,C,0.0,F632 MMT,2.8495,2.8533,0.13
645,LG,B,0.0,R1 Fast,0.1750,0.1750,0.00
645,LG,B,0.0,R1 Delayed,3.4994,3.4994,0.00
645,LG,B,0.0,R2 Fast,no trip,no trip,0.00
645,LG,B,0.0,R2 Delayed,no trip,no trip,0.00
645,LG,B,0.0,R2 Rev Fast,0.3868,0.3900,0.81
645,LG,B,0.0,R2 Rev Delayed,no trip,no trip,0.00
645,LG,B,0.0,F632 MMT,2.5739,2.5835,0.37
645,LL,BC,0.0,R1 Fast,0.1332,0.1332,0.00
645,LL,BC,0.0,R1 Delayed,2.6633,2.6633,0.00
645,LL,BC,0.0,R2 Fast,no trip,no trip,0.00
645,LL,BC,0.0,R2 Delayed,no trip,no trip,0.00
645,LL,BC,0.0,R2 Rev Fast,0.3855,0.3888,0.83
645,LL,BC,0.0,R2 Rev Delayed,no trip,no trip,0.00
645,LL,BC,0.0,F632 MMT,1.4363,1.4424,0.42
645,LLG,BC,0.0,R1 Fast,0.1269,0.1269,0.00
645,LLG,BC,0.0,R1 Delayed,2.5376,2.5376,0.00
645,LLG,BC,0.0,R2 Fast,no trip,no trip,0.00
645,LLG,BC,0.0,R2 Delayed,no trip,no trip,0.00
645,LLG,BC,0.0,R2 Rev Fast,0.3778,0.3813,0.93
645,LLG,BC,0.0,R2 Rev Delayed,no trip,no trip,0.00
645,LLG,BC,0.0,F632 MMT,1.2258,1.2290,0.26
646,LG,C,0.0,R1 Fast,0.2084,0.2084,0.00
646,LG,C,0.0,R1 Delayed,4.1685,4.1685,0.00
646,LG,C,0.0,R2 Fast,no trip,no trip,0.00
646,LG,C,0.0,R2 Delayed,no trip,no trip,0.00
646,LG,C,0.0,R2 Rev Fast,0.3841,0.3874,0.85
646,LG,C,0.0,R2 Rev Delayed,no trip,no trip,0.00
646,LG,C,0.0,F646 MMT,1.5738,1.5806,0.43
646,LG,B,0.0,R1 Fast,0.2094,0.2094,0.00
646,LG,B,0.0,R1 Delayed,4.1884,4.1884,0.00
646,LG,B,0.0,R2 Fast,no trip,no trip,0.00
646,LG,B,0.0,R2 Delayed,no trip,no trip,0.00
646,LG,B,0.0,R2 Rev Fast,0.3885,0.3916,0.79
646,LG,B,0.0,R2 Rev Delayed,no trip,no trip,0.00
646,LG,B,0.0,F646 MMT,1.4529,1.4591,0.42
646,LL,BC,0.0,R1 Fast,0.1542,0.1542,0.00
646,LL,BC,0.0,R1 Delayed,3.0846,3.0846,0.00
646,LL,BC,0.0,R2 Fast,no trip,no trip,0.00
646,LL,BC,0.0,R2 Delayed,no trip,no trip,0.00
646,LL,BC,0.0,R2 Rev Fast,0.3894,0.3924,0.77
646,LL,BC,0.0,R2 Rev Delayed,no trip,no trip,0.00
646,LL,BC,0.0,F646 MMT,0.8266,0.8268,0.02
646,LLG,BC,0.0,R1 Fast,0.1493,0.1493,0.00
646,LLG,BC,0.0,R1 Delayed,2.9866,2.9866,0.00
646,LLG,BC,0.0,R2 Fast,no trip,no trip,0.00
646,LLG,BC,0.0,R2 Delayed,no trip,no trip,0.00
646,LLG,BC,0.0,R2 Rev Fast,0.3828,0.3861,0.86
646,LLG,BC,0.0,R2 Rev Delayed,no trip,no trip,0.00
646,LLG,BC,0.0,F646 MMT,0.6849,0.6851,0.02
671,LG,A,0.0,R1 Fast,0.2444,0.2444,0.00
671,LG,A,0.0,R1 Delayed,4.8885,4.8885,0.00
671,LG,A,0.0,R2 Fast,0.0780,0.0780,0.02
671,LG,A,0.0,R2 Delayed,3.1821,3.1828,0.02
671,LG,A,0.0,R2 Rev Fast,0.0430,0.0430,0.00
671,LG,A,0.0,R2 Rev Delayed,0.8341,0.8343,0.02
671,LG,B,0.0,R1 Fast,0.2408,0.2408,0.00
671,LG,B,0.0,R1 Delayed,4.8153,4.8153,0.00
671,LG,B,0.0,R2 Fast,0.0786,0.0786,0.06
671,LG,B,0.0,R2 Delayed,3.2222,3.2251,0.09
671,LG,B,0.0,R2 Rev Fast,0.0432,0.0432,0.01
671,LG,B,0.0,R2 Rev Delayed,0.8430,0.8435,0.06
671,LG,C,0.0,R1 Fast,0.2528,0.2528,0.00
671,LG,C,0.0,R1 Delayed,5.0555,5.0555,0.00
671,LG,C,0.0,R2 Fast,0.0826,0.0828,0.22
671,LG,C,0.0,R2 Delayed,3.4936,3.5091,0.44
671,LG,C,0.0,R2 Rev Fast,0.0440,0.0440,0.03
671,LG,C,0.0,R2 Rev Delayed,0.9041,0.9053,0.13
671,LL,AB,0.0,R1 Fast,0.1478,0.1478,0.00
671,LL,AB,0.0,R1 Delayed,2.9559,2.9559,0.00
671,LL,AB,0.0,R2 Fast,0.0570,0.0571,0.16
671,LL,AB,0.0,R2 Delayed,1.8077,1.8139,0.34
671,LL,AB,0.0,R2 Rev Fast,0.0382,0.0382,0.02
671,LL,AB,0.0,R2 Rev Delayed,0.5425,0.5437,0.23
671,LL,BC,0.0,R1 Fast,0.1745,0.1745,0.00
671,LL,BC,0.0,R1 Delayed,3.4896,3.4896,0.00
671,LL,BC,0.0,R2 Fast,0.0643,0.0644,0.20
671,LL,BC,0.0,R2 Delayed,2.2765,2.2895,0.57
671,LL,BC,0.0,R2 Rev Fast,0.0400,0.0401,0.01
671,LL,BC,0.0,R2 Rev Delayed,0.6357,0.6379,0.36
671,LL,AC,0.0,R1 Fast,0.1629,0.1629,0.00
671,LL,AC,0.0,R1 Delayed,3.2584,3.2584,0.00
671,LL,AC,0.0,R2 Fast,0.0615,0.0616,0.13
671,LL,AC,0.0,R2 Delayed,2.0981,2.1033,0.25
671,LL,AC,0.0,R2 Rev Fast,0.0394,0.0394,0.02
671,LL,AC,0.0,R2 Rev Delayed,0.5997,0.6011,0.23
671,LLG,AB,0.0,R1 Fast,0.1416,0.1416,0.00
671,LLG,AB,0.0,R1 Delayed,2.8311,2.8311,0.00
671,LLG,AB,0.0,R2 Fast,0.0553,0.0554,0.05
671,LLG,AB,0.0,R2 Delayed,1.7062,1.7112,0.30
671,LLG,AB,0.0,R2 Rev Fast,0.0378,0.0378,0.01
671,LLG,AB,0.0,R2 Rev Delayed,0.5227,0.5231,0.07
671,LLG,BC,0.0,R1 Fast,0.1615,0.1615,0.00
671,LLG,BC,0.0,R1 Delayed,3.2304,3.2304,0.00
671,LLG,BC,0.0,R2 Fast,0.0603,0.0603,0.03
671,LLG,BC,0.0,R2 Delayed,2.0167,2.0177,0.05
671,LLG,BC,0.0,R2 Rev Fast,0.0391,0.0391,0.01
671,LLG,BC,0.0,R2 Rev Delayed,0.5835,0.5838,0.05
671,LLG,AC,0.0,R1 Fast,0.1596,0.1596,0.00
671,LLG,AC,0.0,R1 Delayed,3.1911,3.1911,0.00
671,LLG,AC,0.0,R2 Fast,0.0602,0.0602,0.02
671,LLG,AC,0.0,R2 Delayed,2.0148,2.0156,0.04
671,LLG,AC,0.0,R2 Rev Fast,0.0391,0.0391,0.01
671,LLG,AC,0.0,R2 Rev Delayed,0.5831,0.5834,0.04
671,LLL,ABC,0.0,R1 Fast,0.1338,0.1338,0.00
671,LLL,ABC,0.0,R1 Delayed,2.6765,2.6765,0.00
671,LLL,ABC,0.0,R2 Fast,0.0536,0.0537,0.12
671,LLL,ABC,0.0,R2 Delayed,1.5985,1.6009,0.15
671,LLL,ABC,0.0,R2 Rev Fast,0.0373,0.0373,0.02
671,LLL,ABC,0.0,R2 Rev Delayed,0.5019,0.5026,0.14
692,LG,A,0.0,R1 Fast,0.2444,0.2444,0.00
692,LG,A,0.0,R1 Delayed,4.8885,4.8885,0.00
692,LG,A,0.0,R2 Fast,0.0780,0.0780,0.02
692,LG,A,0.0,R2 Delayed,3.1821,3.1828,0.02
692,LG,A,0.0,R2 Rev Fast,0.0430,0.0430,0.00
692,LG,A,0.0,R2 Rev Delayed,0.8341,0.8343,0.02
692,LG,A,0.0,F671-1 MMT,1.9256,1.9280,0.12
692,LG,B,0.0,R1 Fast,0.2408,0.2408,0.00
692,LG,B,0.0,R1 Delayed,4.8153,4.8153,0.00
692,LG,B,0.0,R2 Fast,0.0786,0.0786,0.06
692,LG,B,0.0,R2 Delayed,3.2222,3.2251,0.09
692,LG,B,0.0,R2 Rev Fast,0.0432,0.0432,0.01
692,LG,B,0.0,R2 Rev Delayed,0.8430,0.8435,0.06
692,LG,B,0.0,F671-1 MMT,1.9659,1.9671,0.06
692,LG,C,0.0,R1 Fast,0.2528,0.2528,0.00
692,LG,C,0.0,R1 Delayed,5.0555,5.0555,0.00
692,LG,C,0.0,R2 Fast,0.0826,0.0828,0.22
692,LG,C,0.0,R2 Delayed,3.4936,3.5091,0.44
692,LG,C,0.0,R2 Rev Fast,0.0440,0.0440,0.03
692,LG,C,0.0,R2 Rev Delayed,0.9041,0.9053,0.13
692,LG,C,0.0,F671-1 MMT,2.2806,2.2912,0.46
692,LL,AB,0.0,R1 Fast,0.1478,0.1478,0.00
692,LL,AB,0.0,R1 Delayed,2.9559,2.9559,0.00
692,LL,AB,0.0,R2 Fast,0.0570,0.0571,0.16
692,LL,AB,0.0,R2 Delayed,1.8077,1.8139,0.34
692,LL,AB,0.0,R2 Rev Fast,0.0382,0.0382,0.02
692,LL,AB,0.0,R2 Rev Delayed,0.5425,0.5437,0.23
692,LL,AB,0.0,F671-1 MMT,0.7063,0.7064,0.01
692,LL,BC,0.0,R1 Fast,0.1745,0.1745,0.00
692,LL,BC,0.0,R1 Delayed,3.4896,3.4896,0.00
692,LL,BC,0.0,R2 Fast,0.0643,0.0644,0.20
692,LL,BC,0.0,R2 Delayed,2.2765,2.2895,0.57
692,LL,BC,0.0,R2 Rev Fast,0.0400,0.0401,0.01
692,LL,BC,0.0,R2 Rev Delayed,0.6357,0.6379,0.36
692,LL,BC,0.0,F671-1 MMT,1.0366,1.0370,0.04
692,LL,AC,0.0,R1 Fast,0.1629,0.1629,0.00
692,LL,AC,0.0,R1 Delayed,3.2584,3.2584,0.00
692,LL,AC,0.0,R2 Fast,0.0615,0.0616,0.13
692,LL,AC,0.0,R2 Delayed,2.0981,2.1033,0.25
692,LL,AC,0.0,R2 Rev Fast,0.0394,0.0394,0.02
692,LL,AC,0.0,R2 Rev Delayed,0.5997,0.6011,0.23
692,LL,AC,0.0,F671-1 MMT,0.9268,0.9274,0.06
692,LLG,AB,0.0,R1 Fast,0.1416,0.1416,0.00
692,LLG,AB,0.0,R1 Delayed,2.8311,2.8311,0.00
692,LLG,AB,0.0,R2 Fast,0.0553,0.0554,0.05
692,LLG,AB,0.0,R2 Delayed,1.7062,1.7112,0.30
692,LLG,AB,0.0,R2 Rev Fast,0.0378,0.0378,0.01
692,LLG,AB,0.0,R2 Rev Delayed,0.5227,0.5231,0.07
692,LLG,AB,0.0,F671-1 MMT,0.6237,0.6240,0.05
692,LLG,BC,0.0,R1 Fast,0.1615,0.1615,0.00
692,LLG,BC,0.0,R1 Delayed,3.2304,3.2304,0.00
692,LLG,BC,0.0,R2 Fast,0.0603,0.0603,0.03
692,LLG,BC,0.0,R2 Delayed,2.0167,2.0177,0.05
692,LLG,BC,0.0,R2 Rev Fast,0.0391,0.0391,0.01
692,LLG,BC,0.0,R2 Rev Delayed,0.5835,0.5838,0.05
692,LLG,BC,0.0,F671-1 MMT,0.8399,0.8402,0.03
692,LLG,AC,0.0,R1 Fast,0.1596,0.1596,0.00
692,LLG,AC,0.0,R1 Delayed,3.1911,3.1911,0.00
692,LLG,AC,0.0,R2 Fast,0.0602,0.0602,0.02
692,LLG,AC,0.0,R2 Delayed,2.0148,2.0156,0.04
692,LLG,AC,0.0,R2 Rev Fast,0.0391,0.0391,0.01
692,LLG,AC,0.0,R2 Rev Delayed,0.5831,0.5834,0.04
692,LLG,AC,0.0,F671-1 MMT,0.8354,0.8356,0.03
692,LLL,ABC,0.0,R1 Fast,0.1338,0.1338,0.00
692,LLL,ABC,0.0,R1 Delayed,2.6765,2.6765,0.00
692,LLL,ABC,0.0,R2 Fast,0.0536,0.0537,0.12
692,LLL,ABC,0.0,R2 Delayed,1.5985,1.6009,0.15
692,LLL,ABC,0.0,R2 Rev Fast,0.0373,0.0373,0.02
692,LLL,ABC,0.0,R2 Rev Delayed,0.5019,0.5026,0.14
692,LLL,ABC,0.0,F671-1 MMT,0.5252,0.5256,0.07
675,LG,A,0.0,R1 Fast,0.2738,0.2738,0.00
675,LG,A,0.0,R1 Delayed,5.4752,5.4752,0.00
675,LG,A,0.0,R2 Fast,0.0851,0.0853,0.23
675,LG,A,0.0,R2 Delayed,3.6669,3.6886,0.59
675,LG,A,0.0,R2 Rev Fast,0.0445,0.0445,0.00
675,LG,A,0.0,R2 Rev Delayed,0.9433,0.9439,0.06
675,LG,A,0.0,F692-R MMT,0.5874,0.5875,0.03
675,LG,B,0.0,R1 Fast,0.2644,0.2644,0.00
675,LG,B,0.0,R1 Delayed,5.2876,5.2876,0.00
675,LG,B,0.0,R2 Fast,0.0851,0.0853,0.23
675,LG,B,0.0,R2 Delayed,3.6674,3.6891,0.59
675,LG,B,0.0,R2 Rev Fast,0.0445,0.0445,0.00
675,LG,B,0.0,R2 Rev Delayed,0.9434,0.9440,0.06
675,LG,B,0.0,F692-R MMT,0.5514,0.5519,0.08
675,LG,C,0.0,R1 Fast,0.2797,0.2797,0.00
675,LG,C,0.0,R1 Delayed,5.5934,5.5934,0.00
675,LG,C,0.0,R2 Fast,0.0899,0.0900,0.15
675,LG,C,0.0,R2 Delayed,4.0015,4.0317,0.75
675,LG,C,0.0,R2 Rev Fast,0.0454,0.0454,0.05
675,LG,C,0.0,R2 Rev Delayed,1.0175,1.0169,0.06
675,LG,C,0.0,F692-R MMT,0.6486,0.6490,0.05
675,LL,AB,0.0,R1 Fast,0.1625,0.1625,0.00
675,LL,AB,0.0,R1 Delayed,3.2507,3.2508,0.00
675,LL,AB,0.0,R2 Fast,0.0603,0.0603,0.03
675,LL,AB,0.0,R2 Delayed,2.0200,2.0211,0.05
675,LL,AB,0.0,R2 Rev Fast,0.0391,0.0391,0.01
675,LL,AB,0.0,R2 Rev Delayed,0.5842,0.5845,0.06
675,LL,AB,0.0,F692-R MMT,0.2452,0.2463,0.44
675,LL,BC,0.0,R1 Fast,0.1901,0.1901,0.00
675,LL,BC,0.0,R1 Delayed,3.8020,3.8020,0.00
675,LL,BC,0.0,R2 Fast,0.0683,0.0684,0.10
675,LL,BC,0.0,R2 Delayed,2.5410,2.5602,0.75
675,LL,BC,0.0,R2 Rev Fast,0.0410,0.0410,0.01
675,LL,BC,0.0,R2 Rev Delayed,0.6918,0.6931,0.18
675,LL,BC,0.0,F692-R MMT,0.3231,0.3237,0.19
675,LL,AC,0.0,R1 Fast,0.1802,0.1802,0.00
675,LL,AC,0.0,R1 Delayed,3.6043,3.6043,0.00
675,LL,AC,0.0,R2 Fast,0.0658,0.0659,0.13
675,LL,AC,0.0,R2 Delayed,2.3782,2.3944,0.68
675,LL,AC,0.0,R2 Rev Fast,0.0404,0.0404,0.01
675,LL,AC,0.0,R2 Rev Delayed,0.6568,0.6583,0.23
675,LL,AC,0.0,F692-R MMT,0.3059,0.3061,0.07
675,LLG,AB,0.0,R1 Fast,0.1546,0.1546,0.00
675,LLG,AB,0.0,R1 Delayed,3.0916,3.0916,0.00
675,LLG,AB,0.0,R2 Fast,0.0582,0.0583,0.14
675,LLG,AB,0.0,R2 Delayed,1.8865,1.8917,0.28
675,LLG,AB,0.0,R2 Rev Fast,0.0385,0.0386,0.02
675,LLG,AB,0.0,R2 Rev Delayed,0.5579,0.5591,0.23
675,LLG,AB,0.0,F692-R MMT,0.2192,0.2201,0.38
675,LLG,BC,0.0,R1 Fast,0.1730,0.1730,0.00
675,LLG,BC,0.0,R1 Delayed,3.4598,3.4598,0.00
675,LLG,BC,0.0,R2 Fast,0.0631,0.0632,0.20
675,LLG,BC,0.0,R2 Delayed,2.2026,2.2127,0.46
675,LLG,BC,0.0,R2 Rev Fast,0.0398,0.0398,0.00
675,LLG,BC,0.0,R2 Rev Delayed,0.6206,0.6228,0.36
675,LLG,BC,0.0,F692-R MMT,0.2652,0.2660,0.31
675,LLG,AC,0.0,R1 Fast,0.1744,0.1744,0.00
675,LLG,AC,0.0,R1 Delayed,3.4872,3.4872,0.00
675,LLG,AC,0.0,R2 Fast,0.0639,0.0640,0.20
675,LLG,AC,0.0,R2 Delayed,2.2502,2.2622,0.53
675,LLG,AC,0.0,R2 Rev Fast,0.0399,0.0400,0.01
675,LLG,AC,0.0,R2 Rev Delayed,0.6303,0.6326,0.37
675,LLG,AC,0.0,F692-R MMT,0.2751,0.2757,0.23
675,LLL,ABC,0.0,R1 Fast,0.1485,0.1485,0.00
675,LLL,ABC,0.0,R1 Delayed,2.9705,2.9705,0.00
675,LLL,ABC,0.0,R2 Fast,0.0568,0.0569,0.15
675,LLL,ABC,0.0,R2 Delayed,1.7984,1.8046,0.34
675,LLL,ABC,0.0,R2 Rev Fast,0.0382,0.0382,0.02
675,LLL,ABC,0.0,R2 Rev Delayed,0.5407,0.5419,0.22
675,LLL,ABC,0.0,F692-R MMT,0.1920,0.1923,0.13
680,LG,A,0.0,R1 Fast,0.3549,0.3549,0.00
680,LG,A,0.0,R1 Delayed,7.0981,7.0981,0.00
680,LG,A,0.0,R2 Fast,0.1035,0.1038,0.20
680,LG,A,0.0,R2 Delayed,5.0099,5.0424,0.65
680,LG,A,0.0,R2 Rev Fast,0.0481,0.0481,0.03
680,LG,A,0.0,R2 Rev Delayed,1.2186,1.2169,0.14
680,LG,B,0.0,R1 Fast,0.3499,0.3499,0.00
680,LG,B,0.0,R1 Delayed,6.9986,6.9986,0.00
680,LG,B,0.0,R2 Fast,0.1060,0.1062,0.20
680,LG,B,0.0,R2 Delayed,5.1966,5.2263,0.57
680,LG,B,0.0,R2 Rev Fast,0.0486,0.0486,0.02
680,LG,B,0.0,R2 Rev Delayed,1.2533,1.2517,0.13
680,LG,C,0.0,R1 Fast,0.3639,0.3639,0.00
680,LG,C,0.0,R1 Delayed,7.2778,7.2778,0.00
680,LG,C,0.0,R2 Fast,0.1108,0.1110,0.17
680,LG,C,0.0,R2 Delayed,5.5739,5.5953,0.38
680,LG,C,0.0,R2 Rev Fast,0.0495,0.0496,0.09
680,LG,C,0.0,R2 Rev Delayed,1.3218,1.3207,0.08
680,LL,AB,0.0,R1 Fast,0.1798,0.1798,0.00
680,LL,AB,0.0,R1 Delayed,3.5951,3.5951,0.00
680,LL,AB,0.0,R2 Fast,0.0643,0.0644,0.20
680,LL,AB,0.0,R2 Delayed,2.2760,2.2890,0.57
680,LL,AB,0.0,R2 Rev Fast,0.0400,0.0400,0.01
680,LL,AB,0.0,R2 Rev Delayed,0.6356,0.6378,0.36
680,LL,BC,0.0,R1 Fast,0.2202,0.2202,0.00
680,LL,BC,0.0,R1 Delayed,4.4043,4.4043,0.00
680,LL,BC,0.0,R2 Fast,0.0763,0.0764,0.12
680,LL,BC,0.0,R2 Delayed,3.0652,3.0719,0.22
680,LL,BC,0.0,R2 Rev Fast,0.0427,0.0427,0.02
680,LL,BC,0.0,R2 Rev Delayed,0.8083,0.8095,0.15
680,LL,AC,0.0,R1 Fast,0.2013,0.2013,0.00
680,LL,AC,0.0,R1 Delayed,4.0264,4.0264,0.00
680,LL,AC,0.0,R2 Fast,0.0713,0.0714,0.24
680,LL,AC,0.0,R2 Delayed,2.7312,2.7499,0.68
680,LL,AC,0.0,R2 Rev Fast,0.0416,0.0416,0.01
680,LL,AC,0.0,R2 Rev Delayed,0.7338,0.7366,0.37
680,LLG,AB,0.0,R1 Fast,0.1786,0.1786,0.00
680,LLG,AB,0.0,R1 Delayed,3.5720,3.5720,0.00
680,LLG,AB,0.0,R2 Fast,0.0637,0.0638,0.20
680,LLG,AB,0.0,R2 Delayed,2.2392,2.2508,0.52
680,LLG,AB,0.0,R2 Rev Fast,0.0399,0.0399,0.01
680,LLG,AB,0.0,R2 Rev Delayed,0.6280,0.6303,0.37
680,LLG,BC,0.0,R1 Fast,0.2099,0.2099,0.00
680,LLG,BC,0.0,R1 Delayed,4.1984,4.1984,0.00
680,LLG,BC,0.0,R2 Fast,0.0723,0.0725,0.25
680,LLG,BC,0.0,R2 Delayed,2.8031,2.8204,0.61
680,LLG,BC,0.0,R2 Rev Fast,0.0419,0.0419,0.01
680,LLG,BC,0.0,R2 Rev Delayed,0.7498,0.7526,0.37
680,LLG,AC,0.0,R1 Fast,0.2034,0.2034,0.00
680,LLG,AC,0.0,R1 Delayed,4.0689,4.0689,0.00
680,LLG,AC,0.0,R2 Fast,0.0712,0.0714,0.24
680,LLG,AC,0.0,R2 Delayed,2.7303,2.7490,0.68
680,LLG,AC,0.0,R2 Rev Fast,0.0416,0.0416,0.01
680,LLG,AC,0.0,R2 Rev Delayed,0.7336,0.7364,0.37
680,LLL,ABC,0.0,R1 Fast,0.1652,0.1652,0.00
680,LLL,ABC,0.0,R1 Delayed,3.3042,3.3042,0.00
680,LLL,ABC,0.0,R2 Fast,0.0605,0.0605,0.05
680,LLL,ABC,0.0,R2 Delayed,2.0322,2.0339,0.09
680,LLL,ABC,0.0,R2 Rev Fast,0.0391,0.0391,0.01
680,LLL,ABC,0.0,R2 Rev Delayed,0.5866,0.5871,0.09
684,LG,A,0.0,R1 Fast,0.2817,0.2817,0.00
684,LG,A,0.0,R1 Delayed,5.6331,5.6332,0.00
684,LG,A,0.0,R2 Fast,0.0869,0.0871,0.22
684,LG,A,0.0,R2 Delayed,3.7941,3.8196,0.67
684,LG,A,0.0,R2 Rev Fast,0.0448,0.0448,0.03
684,LG,A,0.0,R2 Rev Delayed,0.9719,0.9719,0.00
684,LG,A,0.0,F671-2 MMT,0.9380,0.9388,0.08
684,LG,C,0.0,R1 Fast,0.2899,0.2899,0.00
684,LG,C,0.0,R1 Delayed,5.7986,5.7986,0.00
684,LG,C,0.0,R2 Fast,0.0924,0.0925,0.06
684,LG,C,0.0,R2 Delayed,4.1852,4.2183,0.79
684,LG,C,0.0,R2 Rev Fast,0.0459,0.0459,0.03
684,LG,C,0.0,R2 Rev Delayed,1.0567,1.0561,0.05
684,LG,C,0.0,F671-2 MMT,1.0570,1.0577,0.07
684,LL,AC,0.0,R1 Fast,0.1843,0.1843,0.00
684,LL,AC,0.0,R1 Delayed,3.6859,3.6859,0.00
684,LL,AC,0.0,R2 Fast,0.0669,0.0669,0.03
684,LL,AC,0.0,R2 Delayed,2.4459,2.4637,0.72
684,LL,AC,0.0,R2 Rev Fast,0.0407,0.0407,0.00
684,LL,AC,0.0,R2 Rev Delayed,0.6712,0.6716,0.06
684,LL,AC,0.0,F671-2 MMT,0.4696,0.4701,0.09
684,LLG,AC,0.0,R1 Fast,0.1826,0.1826,0.00
684,LLG,AC,0.0,R1 Delayed,3.6529,3.6529,0.00
684,LLG,AC,0.0,R2 Fast,0.0660,0.0660,0.12
684,LLG,AC,0.0,R2 Delayed,2.3863,2.4027,0.68
684,LLG,AC,0.0,R2 Rev Fast,0.0404,0.0404,0.01
684,LLG,AC,0.0,R2 Rev Delayed,0.6585,0.6599,0.21
684,LLG,AC,0.0,F671-2 MMT,0.4279,0.4284,0.11
652,LG,A,0.0,R1 Fast,0.3224,0.3224,0.00
652,LG,A,0.0,R1 Delayed,6.4471,6.4471,0.00
652,LG,A,0.0,R2 Fast,0.0968,0.0969,0.09
652,LG,A,0.0,R2 Delayed,4.5035,4.5389,0.78
652,LG,A,0.0,R2 Rev Fast,0.0468,0.0468,0.05
652,LG,A,0.0,R2 Rev Delayed,1.1213,1.1203,0.09
652,LG,A,0.0,F652 MMT,0.2066,0.2067,0.09
611,LG,C,0.0,R1 Fast,0.3253,0.3253,0.00
611,LG,C,0.0,R1 Delayed,6.5057,6.5057,0.00
611,LG,C,0.0,R2 Fast,0.1017,0.1019,0.18
611,LG,C,0.0,R2 Delayed,4.8725,4.9065,0.69
611,LG,C,0.0,R2 Rev Fast,0.0477,0.0477,0.06
611,LG,C,0.0,R2 Rev Delayed,1.1927,1.1911,0.14
611,LG,C,0.0,F684 MMT,0.4644,0.4649,0.10
DL,LG,A,0.0,R1 Fast,0.1884,0.1884,0.00
DL,LG,A,0.0,R1 Delayed,3.7679,3.7679,0.00
DL,LG,A,0.0,R2 Fast,no trip,no trip,0.00
DL,LG,A,0.0,R2 Delayed,no trip,no trip,0.00
DL,LG,A,0.0,R2 Rev Fast,0.5932,0.5987,0.92
DL,LG,A,0.0,R2 Rev Delayed,no trip,no trip,0.00
DL,LG,A,0.0,F-DL MMT,1.1521,1.1541,0.18
DL,LG,B,0.0,R1 Fast,0.1871,0.1871,0.00
DL,LG,B,0.0,R1 Delayed,3.7427,3.7427,0.00
DL,LG,B,0.0,R2 Fast,no trip,no trip,0.00
DL,LG,B,0.0,R2 Delayed,no trip,no trip,0.00
DL,LG,B,0.0,R2 Rev Fast,0.3713,0.3751,1.00
DL,LG,B,0.0,R2 Rev Delayed,no trip,no trip,0.00
DL,LG,B,0.0,F-DL MMT,1.1086,1.1100,0.12
DL,LG,C,0.0,R1 Fast,0.1934,0.1934,0.00
DL,LG,C,0.0,R1 Delayed,3.8684,3.8684,0.00
DL,LG,C,0.0,R2 Fast,no trip,no trip,0.00
DL,LG,C,0.0,R2 Delayed,no trip,no trip,0.00
DL,LG,C,0.0,R2 Rev Fast,0.3643,0.3683,1.07
DL,LG,C,0.0,R2 Rev Delayed,no trip,no trip,0.00
DL,LG,C,0.0,F-DL MMT,1.2569,1.2605,0.29
DL,LL,AB,0.0,R1 Fast,0.1179,0.1179,0.00
DL,LL,AB,0.0,R1 Delayed,2.3575,2.3575,0.00
DL,LL,AB,0.0,R2 Fast,no trip,no trip,0.00
DL,LL,AB,0.0,R2 Delayed,no trip,no trip,0.00
DL,LL,AB,0.0,R2 Rev Fast,0.5410,0.5457,0.87
DL,LL,AB,0.0,R2 Rev Delayed,no trip,no trip,0.00
DL,LL,AB,0.0,F-DL MMT,0.4970,0.4970,0.01
DL,LL,BC,0.0,R1 Fast,0.1366,0.1366,0.00
DL,LL,BC,0.0,R1 Delayed,2.7319,2.7319,0.00
DL,LL,BC,0.0,R2 Fast,no trip,no trip,0.00
DL,LL,BC,0.0,R2 Delayed,no trip,no trip,0.00
DL,LL,BC,0.0,R2 Rev Fast,0.3770,0.3805,0.94
DL,LL,BC,0.0,R2 Rev Delayed,no trip,no trip,0.00
DL,LL,BC,0.0,F-DL MMT,0.6249,0.6252,0.05
DL,LL,AC,0.0,R1 Fast,0.1287,0.1287,0.00
DL,LL,AC,0.0,R1 Delayed,2.5742,2.5742,0.00
DL,LL,AC,0.0,R2 Fast,no trip,no trip,0.00
DL,LL,AC,0.0,R2 Delayed,no trip,no trip,0.00
DL,LL,AC,0.0,R2 Rev Fast,no trip,no trip,0.00
DL,LL,AC,0.0,R2 Rev Delayed,no trip,no trip,0.00
DL,LL,AC,0.0,F-DL MMT,0.5908,0.5910,0.02
DL,LLG,AB,0.0,R1 Fast,0.1143,0.1143,0.00
DL,LLG,AB,0.0,R1 Delayed,2.2859,2.2859,0.00
DL,LLG,AB,0.0,R2 Fast,no trip,no trip,0.00
DL,LLG,AB,0.0,R2 Delayed,no trip,no trip,0.00
DL,LLG,AB,0.0,R2 Rev Fast,0.5579,0.5630,0.90
DL,LLG,AB,0.0,R2 Rev Delayed,no trip,no trip,0.00
DL,LLG,AB,0.0,F-DL MMT,0.4219,0.4223,0.09
DL,LLG,BC,0.0,R1 Fast,0.1283,0.1283,0.00
DL,LLG,BC,0.0,R1 Delayed,2.5659,2.5659,0.00
DL,LLG,BC,0.0,R2 Fast,no trip,no trip,0.00
DL,LLG,BC,0.0,R2 Delayed,no trip,no trip,0.00
DL,LLG,BC,0.0,R2 Rev Fast,0.3479,0.3521,1.18
DL,LLG,BC,0.0,R2 Rev Delayed,no trip,no trip,0.00
DL,LLG,BC,0.0,F-DL MMT,0.5212,0.5215,0.06
DL,LLG,AC,0.0,R1 Fast,0.1263,0.1263,0.00
DL,LLG,AC,0.0,R1 Delayed,2.5258,2.5258,0.00
DL,LLG,AC,0.0,R2 Fast,no trip,no trip,0.00
DL,LLG,AC,0.0,R2 Delayed,no trip,no trip,0.00
DL,LLG,AC,0.0,R2 Rev Fast,no trip,no trip,0.00
DL,LLG,AC,0.0,R2 Rev Delayed,no trip,no trip,0.00
DL,LLG,AC,0.0,F-DL MMT,0.5148,0.5150,0.05
DL,LLL,ABC,0.0,R1 Fast,0.1060,0.1060,0.00
DL,LLL,ABC,0.0,R1 Delayed,2.1196,2.1196,0.00
DL,LLL,ABC,0.0,R2 Fast,no trip,no trip,0.00
DL,LLL,ABC,0.0,R2 Delayed,no trip,no trip,0.00
DL,LLL,ABC,0.0,R2 Rev Fast,no trip,no trip,0.00
DL,LLL,ABC,0.0,R2 Rev Delayed,no trip,no trip,0.00
DL,LLL,ABC,0.0,F-DL MMT,0.3375,0.3382,0.20
632,LG,A,1.0,R1 Fast,0.1362,0.1362,0.00
632,LG,A,1.0,R1 Delayed,2.7233,2.7233,0.00
632,LG,A,1.0,R2 Fast,0.9418,0.9438,0.21
632,LG,A,1.0,R2 Delayed,no trip,no trip,0.00
632,LG,A,1.0,R2 Rev Fast,0.2043,0.2056,0.63
632,LG,A,1.0,R2 Rev Delayed,13.9495,13.9626,0.09
632,LG,B,1.0,R1 Fast,0.1386,0.1386,0.00
632,LG,B,1.0,R1 Delayed,2.7728,2.7728,0.00
632,LG,B,1.0,R2 Fast,0.7330,0.7382,0.70
632,LG,B,1.0,R2 Delayed,no trip,no trip,0.00
632,LG,B,1.0,R2 Rev Fast,0.1711,0.1715,0.28
632,LG,B,1.0,R2 Rev Delayed,10.8002,10.8341,0.31
632,LG,C,1.0,R1 Fast,0.1387,0.1387,0.00
632,LG,C,1.0,R1 Delayed,2.7732,2.7732,0.00
632,LG,C,1.0,R2 Fast,0.8906,0.8934,0.32
632,LG,C,1.0,R2 Delayed,no trip,no trip,0.00
632,LG,C,1.0,R2 Rev Fast,0.1962,0.1974,0.63
632,LG,C,1.0,R2 Rev Delayed,13.1753,13.1939,0.14
632,LL,AB,1.0,R1 Fast,0.0971,0.0971,0.00
632,LL,AB,1.0,R1 Delayed,1.9424,1.9424,0.00
632,LL,AB,1.0,R2 Fast,0.1792,0.1800,0.44
632,LL,AB,1.0,R2 Delayed,11.5606,11.5902,0.26
632,LL,AB,1.0,R2 Rev Fast,0.0643,0.0644,0.20
632,LL,AB,1.0,R2 Rev Delayed,2.2776,2.2907,0.57
632,LL,BC,1.0,R1 Fast,0.1100,0.1100,0.00
632,LL,BC,1.0,R1 Delayed,2.2007,2.2007,0.00
632,LL,BC,1.0,R2 Fast,0.1618,0.1618,0.05
632,LL,BC,1.0,R2 Delayed,9.9460,9.9829,0.37
632,LL,BC,1.0,R2 Rev Fast,0.0604,0.0604,0.04
632,LL,BC,1.0,R2 Rev Delayed,2.0249,2.0263,0.07
632,LL,AC,1.0,R1 Fast,0.1048,0.1048,0.00
632,LL,AC,1.0,R1 Delayed,2.0966,2.0966,0.00
632,LL,AC,1.0,R2 Fast,0.1726,0.1731,0.31
632,LL,AC,1.0,R2 Delayed,10.9383,10.9715,0.30
632,LL,AC,1.0,R2 Rev Fast,0.0628,0.0629,0.19
632,LL,AC,1.0,R2 Rev Delayed,2.1806,2.1897,0.42
632,LLG,AB,1.0,R1 Fast,0.0894,0.0894,0.00
632,LLG,AB,1.0,R1 Delayed,1.7876,1.7876,0.00
632,LLG,AB,1.0,R2 Fast,0.1535,0.1538,0.18
632,LLG,AB,1.0,R2 Delayed,9.2035,9.2407,0.40
632,LLG,AB,1.0,R2 Rev Fast,0.0586,0.0586,0.13
632,LLG,AB,1.0,R2 Rev Delayed,1.9084,1.9129,0.24
632,LLG,BC,1.0,R1 Fast,0.0985,0.0985,0.00
632,LLG,BC,1.0,R1 Delayed,1.9699,1.9699,0.00
632,LLG,BC,1.0,R2 Fast,0.1519,0.1522,0.21
632,LLG,BC,1.0,R2 Delayed,9.0640,9.1010,0.41
632,LLG,BC,1.0,R2 Rev Fast,0.0582,0.0583,0.14
632,LLG,BC,1.0,R2 Rev Delayed,1.8867,1.8919,0.28
632,LLG,AC,1.0,R1 Fast,0.0962,0.0962,0.00
632,LLG,AC,1.0,R1 Delayed,1.9232,1.9232,0.00
632,LLG,AC,1.0,R2 Fast,0.1536,0.1539,0.17
632,LLG,AC,1.0,R2 Delayed,9.2133,9.2505,0.40
632,LLG,AC,1.0,R2 Rev Fast,0.0586,0.0587,0.13
632,LLG,AC,1.0,R2 Rev Delayed,1.9099,1.9144,0.24
632,LLL,ABC,1.0,R1 Fast,0.0814,0.0814,0.00
632,LLL,ABC,1.0,R1 Delayed,1.6271,1.6271,0.00
632,LLL,ABC,1.0,R2 Fast,0.1175,0.1176,0.04
632,LLL,ABC,1.0,R2 Delayed,6.1065,6.1108,0.07
632,LLL,ABC,1.0,R2 Rev Fast,0.0509,0.0509,0.04
632,LLL,ABC,1.0,R2 Rev Delayed,1.4157,1.4155,0.01
633,LG,A,1.0,R1 Fast,0.1727,0.1727,0.00
633,LG,A,1.0,R1 Delayed,3.4540,3.4540,0.00
633,LG,A,1.0,R2 Fast,no trip,no trip,0.00
633,LG,A,1.0,R2 Delayed,no trip,no trip,0.00
633,LG,A,1.0,R2 Rev Fast,0.2893,0.2921,0.98
633,LG,A,1.0,R2 Rev Delayed,no trip,no trip,0.00
633,LG,A,1.0,F633 MMT,0.5043,0.5044,0.02
633,LG,B,1.0,R1 Fast,0.1784,0.1784,0.00
633,LG,B,1.0,R1 Delayed,3.5675,3.5675,0.00
633,LG,B,1.0,R2 Fast,0.9726,0.9741,0.15
633,LG,B,1.0,R2 Delayed,no trip,no trip,0.00
633,LG,B,1.0,R2 Rev Fast,0.2091,0.2104,0.61
633,LG,B,1.0,R2 Rev Delayed,14.4164,14.4261,0.07
633,LG,B,1.0,F633 MMT,0.5015,0.5015,0.01
633,LG,C,1.0,R1 Fast,0.1765,0.1765,0.00
633,LG,C,1.0,R1 Delayed,3.5299,3.5299,0.00
633,LG,C,1.0,R2 Fast,no trip,no trip,0.00
633,LG,C,1.0,R2 Delayed,no trip,no trip,0.00
633,LG,C,1.0,R2 Rev Fast,0.2689,0.2707,0.67
633,LG,C,1.0,R2 Rev Delayed,no trip,no trip,0.00
633,LG,C,1.0,F633 MMT,0.5373,0.5377,0.08
633,LL,AB,1.0,R1 Fast,0.1297,0.1297,0.00
633,LL,AB,1.0,R1 Delayed,2.5949,2.5949,0.00
633,LL,AB,1.0,R2 Fast,0.2616,0.2630,0.53
633,LL,AB,1.0,R2 Delayed,no trip,no trip,0.00
633,LL,AB,1.0,R2 Rev Fast,0.0830,0.0832,0.22
633,LL,AB,1.0,R2 Rev Delayed,3.5253,3.5420,0.47
633,LL,AB,1.0,F633 MMT,0.2218,0.2226,0.38
633,LL,BC,1.0,R1 Fast,0.1460,0.1460,0.00
633,LL,BC,1.0,R1 Delayed,2.9206,2.9206,0.00
633,LL,BC,1.0,R2 Fast,0.2163,0.2175,0.53
633,LL,BC,1.0,R2 Delayed,15.1066,15.1124,0.04
633,LL,BC,1.0,R2 Rev Fast,0.0728,0.0730,0.25
633,LL,BC,1.0,R2 Rev Delayed,2.8320,2.8486,0.58
633,LL,BC,1.0,F633 MMT,0.2571,0.2580,0.35
633,LL,AC,1.0,R1 Fast,0.1361,0.1361,0.00
633,LL,AC,1.0,R1 Delayed,2.7211,2.7211,0.00
633,LL,AC,1.0,R2 Fast,0.2363,0.2365,0.07
633,LL,AC,1.0,R2 Delayed,16.9985,16.9985,0.00
633,LL,AC,1.0,R2 Rev Fast,0.0773,0.0773,0.04
633,LL,AC,1.0,R2 Rev Delayed,3.1352,3.1375,0.07
633,LL,AC,1.0,F633 MMT,0.2359,0.2369,0.42
633,LLG,AB,1.0,R1 Fast,0.1185,0.1185,0.00
633,LLG,AB,1.0,R1 Delayed,2.3703,2.3703,0.00
633,LLG,AB,1.0,R2 Fast,0.2207,0.2217,0.46
633,LLG,AB,1.0,R2 Delayed,15.5174,15.5213,0.02
633,LLG,AB,1.0,R2 Rev Fast,0.0738,0.0739,0.23
633,LLG,AB,1.0,R2 Rev Delayed,2.8972,2.9117,0.50
633,LLG,AB,1.0,F633 MMT,0.1911,0.1913,0.13
633,LLG,BC,1.0,R1 Fast,0.1314,0.1314,0.00
633,LLG,BC,1.0,R1 Delayed,2.6283,2.6283,0.00
633,LLG,BC,1.0,R2 Fast,0.2031,0.2044,0.64
633,LLG,BC,1.0,R2 Delayed,13.8423,13.8560,0.10
633,LLG,BC,1.0,R2 Rev Fast,0.0698,0.0699,0.19
633,LLG,BC,1.0,R2 Rev Delayed,2.6330,2.6525,0.74
633,LLG,BC,1.0,F633 MMT,0.2145,0.2152,0.30
633,LLG,AC,1.0,R1 Fast,0.1237,0.1237,0.00
633,LLG,AC,1.0,R1 Delayed,2.4742,2.4742,0.00
633,LLG,AC,1.0,R2 Fast,0.2100,0.2113,0.60
633,LLG,AC,1.0,R2 Delayed,14.5001,14.5094,0.06
633,LLG,AC,1.0,R2 Rev Fast,0.0713,0.0715,0.24
633,LLG,AC,1.0,R2 Rev Delayed,2.7363,2.7549,0.68
633,LLG,AC,1.0,F633 MMT,0.2073,0.2077,0.18
633,LLL,ABC,1.0,R1 Fast,0.1055,0.1055,0.00
633,LLL,ABC,1.0,R1 Delayed,2.1106,2.1106,0.00
633,LLL,ABC,1.0,R2 Fast,0.1600,0.1600,0.00
633,LLL,ABC,1.0,R2 Delayed,9.7924,9.8296,0.38
633,LLL,ABC,1.0,R2 Rev Fast,0.0600,0.0600,0.00
633,LLL,ABC,1.0,R2 Rev Delayed,2.0007,2.0007,0.00
633,LLL,ABC,1.0,F633 MMT,0.1481,0.1487,0.37
645,LG,C,1.0,R1 Fast,0.2062,0.2062,0.00
645,LG,C,1.0,R1 Delayed,4.1246,4.1246,0.00
645,LG,C,1.0,R2 Fast,no trip,no trip,0.00
645,LG,C,1.0,R2 Delayed,no trip,no trip,0.00
645,LG,C,1.0,R2 Rev Fast,0.3373,0.3415,1.22
645,LG,C,1.0,R2 Rev Delayed,no trip,no trip,0.00
645,LG,C,1.0,F632 MMT,1.7514,1.7574,0.34
645,LG,B,1.0,R1 Fast,0.2102,0.2102,0.00
645,LG,B,1.0,R1 Delayed,4.2046,4.2046,0.00
645,LG,B,1.0,R2 Fast,no trip,no trip,0.00
645,LG,B,1.0,R2 Delayed,no trip,no trip,0.00
645,LG,B,1.0,R2 Rev Fast,0.2422,0.2424,0.09
645,LG,B,1.0,R2 Rev Delayed,no trip,no trip,0.00
645,LG,B,1.0,F632 MMT,1.6510,1.6578,0.41
645,LL,BC,1.0,R1 Fast,0.1548,0.1548,0.00
645,LL,BC,1.0,R1 Delayed,3.0954,3.0954,0.00
645,LL,BC,1.0,R2 Fast,0.2268,0.2276,0.33
645,LL,BC,1.0,R2 Delayed,16.1047,16.1064,0.01
645,LL,BC,1.0,R2 Rev Fast,0.0752,0.0753,0.18
645,LL,BC,1.0,R2 Rev Delayed,2.9910,3.0016,0.35
645,LL,BC,1.0,F632 MMT,0.6130,0.6132,0.03
645,LLG,BC,1.0,R1 Fast,0.1393,0.1393,0.00
645,LLG,BC,1.0,R1 Delayed,2.7854,2.7854,0.00
645,LLG,BC,1.0,R2 Fast,0.2167,0.2179,0.52
645,LLG,BC,1.0,R2 Delayed,15.1449,15.1506,0.04
645,LLG,BC,1.0,R2 Rev Fast,0.0729,0.0731,0.25
645,LLG,BC,1.0,R2 Rev Delayed,2.8380,2.8545,0.58
645,LLG,BC,1.0,F632 MMT,0.5457,0.5461,0.08
646,LG,C,1.0,R1 Fast,0.2553,0.2553,0.00
646,LG,C,1.0,R1 Delayed,5.1051,5.1051,0.00
646,LG,C,1.0,R2 Fast,no trip,no trip,0.00
646,LG,C,1.0,R2 Delayed,no trip,no trip,0.00
646,LG,C,1.0,R2 Rev Fast,0.3935,0.3963,0.71
646,LG,C,1.0,R2 Rev Delayed,no trip,no trip,0.00
646,LG,C,1.0,F646 MMT,1.0568,1.0574,0.06
646,LG,B,1.0,R1 Fast,0.2639,0.2639,0.00
646,LG,B,1.0,R1 Delayed,5.2772,5.2772,0.00
646,LG,B,1.0,R2 Fast,no trip,no trip,0.00
646,LG,B,1.0,R2 Delayed,no trip,no trip,0.00
646,LG,B,1.0,R2 Rev Fast,0.2892,0.2921,0.98
646,LG,B,1.0,R2 Rev Delayed,no trip,no trip,0.00
646,LG,B,1.0,F646 MMT,1.0115,1.0116,0.01
646,LL,BC,1.0,R1 Fast,0.1885,0.1885,0.00
646,LL,BC,1.0,R1 Delayed,3.7703,3.7703,0.00
646,LL,BC,1.0,R2 Fast,0.2757,0.2779,0.79
646,LL,BC,1.0,R2 Delayed,no trip,no trip,0.00
646,LL,BC,1.0,R2 Rev Fast,0.0862,0.0864,0.22
646,LL,BC,1.0,R2 Rev Delayed,3.7467,3.7709,0.64
646,LL,BC,1.0,F646 MMT,0.4146,0.4149,0.07
646,LLG,BC,1.0,R1 Fast,0.1657,0.1657,0.00
646,LLG,BC,1.0,R1 Delayed,3.3139,3.3139,0.00
646,LLG,BC,1.0,R2 Fast,0.2656,0.2673,0.61
646,LLG,BC,1.0,R2 Delayed,no trip,no trip,0.00
646,LLG,BC,1.0,R2 Rev Fast,0.0839,0.0841,0.23
646,LLG,BC,1.0,R2 Rev Delayed,3.5879,3.6069,0.53
646,LLG,BC,1.0,F646 MMT,0.3610,0.3616,0.16
671,LG,A,1.0,R1 Fast,0.2928,0.2928,0.00
671,LG,A,1.0,R1 Delayed,5.8558,5.8559,0.00
671,LG,A,1.0,R2 Fast,0.0888,0.0890,0.18
671,LG,A,1.0,R2 Delayed,3.9295,3.9583,0.73
671,LG,A,1.0,R2 Rev Fast,0.0452,0.0452,0.04
671,LG,A,1.0,R2 Rev Delayed,1.0018,1.0014,0.05
671,LG,B,1.0,R1 Fast,0.3018,0.3018,0.00
671,LG,B,1.0,R1 Delayed,6.0360,6.0360,0.00
671,LG,B,1.0,R2 Fast,0.0930,0.0930,0.04
671,LG,B,1.0,R2 Delayed,4.2245,4.2580,0.79
671,LG,B,1.0,R2 Rev Fast,0.0460,0.0460,0.02
671,LG,B,1.0,R2 Rev Delayed,1.0649,1.0645,0.04
671,LG,C,1.0,R1 Fast,0.3025,0.3025,0.00
671,LG,C,1.0,R1 Delayed,6.0490,6.0491,0.00
671,LG,C,1.0,R2 Fast,0.0949,0.0949,0.03
671,LG,C,1.0,R2 Delayed,4.3621,4.3969,0.79
671,LG,C,1.0,R2 Rev Fast,0.0464,0.0464,0.02
671,LG,C,1.0,R2 Rev Delayed,1.0930,1.0926,0.03
671,LL,AB,1.0,R1 Fast,0.1633,0.1633,0.00
671,LL,AB,1.0,R1 Delayed,3.2661,3.2661,0.00
671,LL,AB,1.0,R2 Fast,0.0588,0.0589,0.11
671,LL,AB,1.0,R2 Delayed,1.9260,1.9300,0.20
671,LL,AB,1.0,R2 Rev Fast,0.0387,0.0387,0.01
671,LL,AB,1.0,R2 Rev Delayed,0.5656,0.5666,0.18
671,LL,BC,1.0,R1 Fast,0.1967,0.1967,0.00
671,LL,BC,1.0,R1 Delayed,3.9348,3.9348,0.00
671,LL,BC,1.0,R2 Fast,0.0671,0.0671,0.01
671,LL,BC,1.0,R2 Delayed,2.4626,2.4807,0.73
671,LL,BC,1.0,R2 Rev Fast,0.0407,0.0407,0.00
671,LL,BC,1.0,R2 Rev Delayed,0.6748,0.6749,0.01
671,LL,AC,1.0,R1 Fast,0.1808,0.1808,0.00
671,LL,AC,1.0,R1 Delayed,3.6164,3.6164,0.00
671,LL,AC,1.0,R2 Fast,0.0630,0.0631,0.20
671,LL,AC,1.0,R2 Delayed,2.1921,2.2017,0.44
671,LL,AC,1.0,R2 Rev Fast,0.0397,0.0397,0.00
671,LL,AC,1.0,R2 Rev Delayed,0.6185,0.6207,0.35
671,LLG,AB,1.0,R1 Fast,0.1485,0.1485,0.00
671,LLG,AB,1.0,R1 Delayed,2.9699,2.9699,0.00
671,LLG,AB,1.0,R2 Fast,0.0568,0.0569,0.15
671,LLG,AB,1.0,R2 Delayed,1.7976,1.8038,0.34
671,LLG,AB,1.0,R2 Rev Fast,0.0382,0.0382,0.02
671,LLG,AB,1.0,R2 Rev Delayed,0.5405,0.5417,0.22
671,LLG,BC,1.0,R1 Fast,0.1738,0.1738,0.00
671,LLG,BC,1.0,R1 Delayed,3.4754,3.4754,0.00
671,LLG,BC,1.0,R2 Fast,0.0631,0.0632,0.20
671,LLG,BC,1.0,R2 Delayed,2.2014,2.2114,0.45
671,LLG,BC,1.0,R2 Rev Fast,0.0398,0.0398,0.00
671,LLG,BC,1.0,R2 Rev Delayed,0.6204,0.6226,0.36
671,LLG,AC,1.0,R1 Fast,0.1676,0.1676,0.00
671,LLG,AC,1.0,R1 Delayed,3.3515,3.3515,0.00
671,LLG,AC,1.0,R2 Fast,0.0614,0.0614,0.12
671,LLG,AC,1.0,R2 Delayed,2.0876,2.0923,0.22
671,LLG,AC,1.0,R2 Rev Fast,0.0393,0.0393,0.02
671,LLG,AC,1.0,R2 Rev Delayed,0.5976,0.5989,0.21
671,LLL,ABC,1.0,R1 Fast,0.1339,0.1339,0.00
671,LLL,ABC,1.0,R1 Delayed,2.6771,2.6771,0.00
671,LLL,ABC,1.0,R2 Fast,0.0536,0.0537,0.12
671,LLL,ABC,1.0,R2 Delayed,1.5978,1.6001,0.15
671,LLL,ABC,1.0,R2 Rev Fast,0.0373,0.0373,0.02
671,LLL,ABC,1.0,R2 Rev Delayed,0.5018,0.5025,0.14
692,LG,A,1.0,R1 Fast,0.2928,0.2928,0.00
692,LG,A,1.0,R1 Delayed,5.8558,5.8559,0.00
692,LG,A,1.0,R2 Fast,0.0888,0.0890,0.18
692,LG,A,1.0,R2 Delayed,3.9295,3.9583,0.73
692,LG,A,1.0,R2 Rev Fast,0.0452,0.0452,0.04
692,LG,A,1.0,R2 Rev Delayed,1.0018,1.0014,0.05
692,LG,A,1.0,F671-1 MMT,2.8379,2.8422,0.15
692,LG,B,1.0,R1 Fast,0.3018,0.3018,0.00
692,LG,B,1.0,R1 Delayed,6.0360,6.0360,0.00
692,LG,B,1.0,R2 Fast,0.0930,0.0930,0.04
692,LG,B,1.0,R2 Delayed,4.2245,4.2580,0.79
692,LG,B,1.0,R2 Rev Fast,0.0460,0.0460,0.02
692,LG,B,1.0,R2 Rev Delayed,1.0649,1.0645,0.04
692,LG,B,1.0,F671-1 MMT,3.2619,3.2684,0.20
692,LG,C,1.0,R1 Fast,0.3025,0.3025,0.00
692,LG,C,1.0,R1 Delayed,6.0490,6.0491,0.00
692,LG,C,1.0,R2 Fast,0.0949,0.0949,0.03
692,LG,C,1.0,R2 Delayed,4.3621,4.3969,0.79
692,LG,C,1.0,R2 Rev Fast,0.0464,0.0464,0.02
692,LG,C,1.0,R2 Rev Delayed,1.0930,1.0926,0.03
692,LG,C,1.0,F671-1 MMT,3.4851,3.4922,0.20
692,LL,AB,1.0,R1 Fast,0.1633,0.1633,0.00
692,LL,AB,1.0,R1 Delayed,3.2661,3.2661,0.00
692,LL,AB,1.0,R2 Fast,0.0588,0.0589,0.11
692,LL,AB,1.0,R2 Delayed,1.9260,1.9300,0.20
692,LL,AB,1.0,R2 Rev Fast,0.0387,0.0387,0.01
692,LL,AB,1.0,R2 Rev Delayed,0.5656,0.5666,0.18
692,LL,AB,1.0,F671-1 MMT,0.6742,0.6745,0.04
692,LL,BC,1.0,R1 Fast,0.1967,0.1967,0.00
692,LL,BC,1.0,R1 Delayed,3.9348,3.9348,0.00
692,LL,BC,1.0,R2 Fast,0.0671,0.0671,0.01
692,LL,BC,1.0,R2 Delayed,2.4626,2.4807,0.73
692,LL,BC,1.0,R2 Rev Fast,0.0407,0.0407,0.00
692,LL,BC,1.0,R2 Rev Delayed,0.6748,0.6749,0.01
692,LL,BC,1.0,F671-1 MMT,0.9512,0.9522,0.11
692,LL,AC,1.0,R1 Fast,0.1808,0.1808,0.00
692,LL,AC,1.0,R1 Delayed,3.6164,3.6164,0.00
692,LL,AC,1.0,R2 Fast,0.0630,0.0631,0.20
692,LL,AC,1.0,R2 Delayed,2.1921,2.2017,0.44
692,LL,AC,1.0,R2 Rev Fast,0.0397,0.0397,0.00
692,LL,AC,1.0,R2 Rev Delayed,0.6185,0.6207,0.35
692,LL,AC,1.0,F671-1 MMT,0.8096,0.8097,0.01
692,LLG,AB,1.0,R1 Fast,0.1485,0.1485,0.00
692,LLG,AB,1.0,R1 Delayed,2.9699,2.9699,0.00
692,LLG,AB,1.0,R2 Fast,0.0568,0.0569,0.15
692,LLG,AB,1.0,R2 Delayed,1.7976,1.8038,0.34
692,LLG,AB,1.0,R2 Rev Fast,0.0382,0.0382,0.02
692,LLG,AB,1.0,R2 Rev Delayed,0.5405,0.5417,0.22
692,LLG,AB,1.0,F671-1 MMT,0.6906,0.6907,0.02
692,LLG,BC,1.0,R1 Fast,0.1738,0.1738,0.00
692,LLG,BC,1.0,R1 Delayed,3.4754,3.4754,0.00
692,LLG,BC,1.0,R2 Fast,0.0631,0.0632,0.20
692,LLG,BC,1.0,R2 Delayed,2.2014,2.2114,0.45
692,LLG,BC,1.0,R2 Rev Fast,0.0398,0.0398,0.00
692,LLG,BC,1.0,R2 Rev Delayed,0.6204,0.6226,0.36
692,LLG,BC,1.0,F671-1 MMT,0.9884,0.9890,0.06
692,LLG,AC,1.0,R1 Fast,0.1676,0.1676,0.00
692,LLG,AC,1.0,R1 Delayed,3.3515,3.3515,0.00
692,LLG,AC,1.0,R2 Fast,0.0614,0.0614,0.12
692,LLG,AC,1.0,R2 Delayed,2.0876,2.0923,0.22
692,LLG,AC,1.0,R2 Rev Fast,0.0393,0.0393,0.02
692,LLG,AC,1.0,R2 Rev Delayed,0.5976,0.5989,0.21
692,LLG,AC,1.0,F671-1 MMT,0.7900,0.7901,0.01
692,LLL,ABC,1.0,R1 Fast,0.1339,0.1339,0.00
692,LLL,ABC,1.0,R1 Delayed,2.6771,2.6771,0.00
692,LLL,ABC,1.0,R2 Fast,0.0536,0.0537,0.12
692,LLL,ABC,1.0,R2 Delayed,1.5978,1.6001,0.15
692,LLL,ABC,1.0,R2 Rev Fast,0.0373,0.0373,0.02
692,LLL,ABC,1.0,R2 Rev Delayed,0.5018,0.5025,0.14
692,LLL,ABC,1.0,F671-1 MMT,0.5248,0.5251,0.07
675,LG,A,1.0,R1 Fast,0.3448,0.3448,0.00
675,LG,A,1.0,R1 Delayed,6.8961,6.8961,0.00
675,LG,A,1.0,R2 Fast,0.1008,0.1010,0.17
675,LG,A,1.0,R2 Delayed,4.8046,4.8392,0.71
675,LG,A,1.0,R2 Rev Fast,0.0475,0.0476,0.06
675,LG,A,1.0,R2 Rev Delayed,1.1798,1.1782,0.14
675,LG,A,1.0,F692-R MMT,0.3308,0.3315,0.21
675,LG,B,1.0,R1 Fast,0.3498,0.3498,0.00
675,LG,B,1.0,R1 Delayed,6.9964,6.9964,0.00
675,LG,B,1.0,R2 Fast,0.1054,0.1056,0.20
675,LG,B,1.0,R2 Delayed,5.1528,5.1832,0.59
675,LG,B,1.0,R2 Rev Fast,0.0484,0.0485,0.01
675,LG,B,1.0,R2 Rev Delayed,1.2452,1.2436,0.13
675,LG,B,1.0,F692-R MMT,0.3201,0.3206,0.17
675,LG,C,1.0,R1 Fast,0.3536,0.3536,0.00
675,LG,C,1.0,R1 Delayed,7.0720,7.0720,0.00
675,LG,C,1.0,R2 Fast,0.1080,0.1083,0.20
675,LG,C,1.0,R2 Delayed,5.3568,5.3834,0.49
675,LG,C,1.0,R2 Rev Fast,0.0490,0.0490,0.06
675,LG,C,1.0,R2 Rev Delayed,1.2826,1.2812,0.11
675,LG,C,1.0,F692-R MMT,0.3531,0.3538,0.20
675,LL,AB,1.0,R1 Fast,0.1921,0.1921,0.00
675,LL,AB,1.0,R1 Delayed,3.8420,3.8420,0.00
675,LL,AB,1.0,R2 Fast,0.0649,0.0650,0.18
675,LL,AB,1.0,R2 Delayed,2.3153,2.3297,0.62
675,LL,AB,1.0,R2 Rev Fast,0.0402,0.0402,0.01
675,LL,AB,1.0,R2 Rev Delayed,0.6437,0.6458,0.33
675,LL,AB,1.0,F692-R MMT,0.0920,0.0920,0.03
675,LL,BC,1.0,R1 Fast,0.2299,0.2299,0.00
675,LL,BC,1.0,R1 Delayed,4.5981,4.5981,0.00
675,LL,BC,1.0,R2 Fast,0.0744,0.0746,0.21
675,LL,BC,1.0,R2 Delayed,2.9412,2.9540,0.43
675,LL,BC,1.0,R2 Rev Fast,0.0423,0.0423,0.03
675,LL,BC,1.0,R2 Rev Delayed,0.7807,0.7829,0.29
675,LL,BC,1.0,F692-R MMT,0.1066,0.1066,0.06
675,LL,AC,1.0,R1 Fast,0.2149,0.2149,0.00
675,LL,AC,1.0,R1 Delayed,4.2986,4.2986,0.00
675,LL,AC,1.0,R2 Fast,0.0706,0.0707,0.22
675,LL,AC,1.0,R2 Delayed,2.6863,2.7056,0.71
675,LL,AC,1.0,R2 Rev Fast,0.0415,0.0415,0.02
675,LL,AC,1.0,R2 Rev Delayed,0.7239,0.7264,0.36
675,LL,AC,1.0,F692-R MMT,0.1035,0.1036,0.03
675,LLG,AB,1.0,R1 Fast,0.1733,0.1733,0.00
675,LLG,AB,1.0,R1 Delayed,3.4663,3.4663,0.00
675,LLG,AB,1.0,R2 Fast,0.0624,0.0625,0.18
675,LLG,AB,1.0,R2 Delayed,2.1542,2.1621,0.37
675,LLG,AB,1.0,R2 Rev Fast,0.0396,0.0396,0.01
675,LLG,AB,1.0,R2 Rev Delayed,0.6109,0.6128,0.32
675,LLG,AB,1.0,F692-R MMT,0.0817,0.0817,0.02
675,LLG,BC,1.0,R1 Fast,0.1989,0.1989,0.00
675,LLG,BC,1.0,R1 Delayed,3.9772,3.9771,0.00
675,LLG,BC,1.0,R2 Fast,0.0695,0.0696,0.18
675,LLG,BC,1.0,R2 Delayed,2.6144,2.6339,0.74
675,LLG,BC,1.0,R2 Rev Fast,0.0412,0.0412,0.02
675,LLG,BC,1.0,R2 Rev Delayed,0.7079,0.7100,0.29
675,LLG,BC,1.0,F692-R MMT,0.0921,0.0921,0.03
675,LLG,AC,1.0,R1 Fast,0.1975,0.1975,0.00
675,LLG,AC,1.0,R1 Delayed,3.9500,3.9500,0.00
675,LLG,AC,1.0,R2 Fast,0.0689,0.0690,0.14
675,LLG,AC,1.0,R2 Delayed,2.5761,2.5955,0.75
675,LLG,AC,1.0,R2 Rev Fast,0.0411,0.0411,0.02
675,LLG,AC,1.0,R2 Rev Delayed,0.6995,0.7012,0.24
675,LLG,AC,1.0,F692-R MMT,0.0932,0.0933,0.05
675,LLL,ABC,1.0,R1 Fast,0.1576,0.1576,0.00
675,LLL,ABC,1.0,R1 Delayed,3.1522,3.1522,0.00
675,LLL,ABC,1.0,R2 Fast,0.0590,0.0591,0.10
675,LLL,ABC,1.0,R2 Delayed,1.9377,1.9412,0.18
675,LLL,ABC,1.0,R2 Rev Fast,0.0388,0.0388,0.01
675,LLL,ABC,1.0,R2 Rev Delayed,0.5679,0.5688,0.16
675,LLL,ABC,1.0,F692-R MMT,0.0648,0.0648,0.03
680,LG,A,1.0,R1 Fast,0.4695,0.4695,0.00
680,LG,A,1.0,R1 Delayed,9.3903,9.3904,0.00
680,LG,A,1.0,R2 Fast,0.1268,0.1270,0.18
680,LG,A,1.0,R2 Delayed,6.8680,6.8834,0.22
680,LG,A,1.0,R2 Rev Fast,0.0528,0.0529,0.13
680,LG,A,1.0,R2 Rev Delayed,1.5438,1.5449,0.07
680,LG,B,1.0,R1 Fast,0.4915,0.4915,0.00
680,LG,B,1.0,R1 Delayed,9.8303,9.8303,0.00
680,LG,B,1.0,R2 Fast,0.1361,0.1366,0.30
680,LG,B,1.0,R2 Delayed,7.6685,7.6965,0.36
680,LG,B,1.0,R2 Rev Fast,0.0548,0.0548,0.01
680,LG,B,1.0,R2 Rev Delayed,1.6710,1.6752,0.25
680,LG,C,1.0,R1 Fast,0.4836,0.4836,0.00
680,LG,C,1.0,R1 Delayed,9.6723,9.6723,0.00
680,LG,C,1.0,R2 Fast,0.1378,0.1383,0.31
680,LG,C,1.0,R2 Delayed,7.8153,7.8449,0.38
680,LG,C,1.0,R2 Rev Fast,0.0552,0.0552,0.03
680,LG,C,1.0,R2 Rev Delayed,1.6938,1.6986,0.28
680,LL,AB,1.0,R1 Fast,0.2280,0.2280,0.00
680,LL,AB,1.0,R1 Delayed,4.5591,4.5591,0.00
680,LL,AB,1.0,R2 Fast,0.0731,0.0733,0.25
680,LL,AB,1.0,R2 Delayed,2.8557,2.8716,0.55
680,LL,AB,1.0,R2 Rev Fast,0.0420,0.0420,0.02
680,LL,AB,1.0,R2 Rev Delayed,0.7616,0.7643,0.35
680,LL,BC,1.0,R1 Fast,0.2941,0.2941,0.00
680,LL,BC,1.0,R1 Delayed,5.8812,5.8812,0.00
680,LL,BC,1.0,R2 Fast,0.0889,0.0891,0.17
680,LL,BC,1.0,R2 Delayed,3.9346,3.9635,0.73
680,LL,BC,1.0,R2 Rev Fast,0.0452,0.0452,0.04
680,LL,BC,1.0,R2 Rev Delayed,1.0030,1.0025,0.05
680,LL,AC,1.0,R1 Fast,0.2609,0.2609,0.00
680,LL,AC,1.0,R1 Delayed,5.2176,5.2176,0.00
680,LL,AC,1.0,R2 Fast,0.0808,0.0809,0.17
680,LL,AC,1.0,R2 Delayed,3.3709,3.3812,0.30
680,LL,AC,1.0,R2 Rev Fast,0.0436,0.0436,0.03
680,LL,AC,1.0,R2 Rev Delayed,0.8764,0.8776,0.14
680,LLG,AB,1.0,R1 Fast,0.2153,0.2153,0.00
680,LLG,AB,1.0,R1 Delayed,4.3051,4.3051,0.00
680,LLG,AB,1.0,R2 Fast,0.0721,0.0723,0.25
680,LLG,AB,1.0,R2 Delayed,2.7892,2.8069,0.63
680,LLG,AB,1.0,R2 Rev Fast,0.0418,0.0418,0.00
680,LLG,AB,1.0,R2 Rev Delayed,0.7468,0.7496,0.38
680,LLG,BC,1.0,R1 Fast,0.2661,0.2661,0.00
680,LLG,BC,1.0,R1 Delayed,5.3214,5.3214,0.00
680,LLG,BC,1.0,R2 Fast,0.0864,0.0866,0.22
680,LLG,BC,1.0,R2 Delayed,3.7614,3.7859,0.65
680,LLG,BC,1.0,R2 Rev Fast,0.0447,0.0447,0.02
680,LLG,BC,1.0,R2 Rev Delayed,0.9645,0.9647,0.02
680,LLG,AC,1.0,R1 Fast,0.2398,0.2398,0.00
680,LLG,AC,1.0,R1 Delayed,4.7953,4.7953,0.00
680,LLG,AC,1.0,R2 Fast,0.0768,0.0769,0.08
680,LLG,AC,1.0,R2 Delayed,3.1005,3.1051,0.15
680,LLG,AC,1.0,R2 Rev Fast,0.0428,0.0428,0.02
680,LLG,AC,1.0,R2 Rev Delayed,0.8161,0.8169,0.10
680,LLL,ABC,1.0,R1 Fast,0.1880,0.1880,0.00
680,LLL,ABC,1.0,R1 Delayed,3.7608,3.7608,0.00
680,LLL,ABC,1.0,R2 Fast,0.0656,0.0657,0.14
680,LLL,ABC,1.0,R2 Delayed,2.3650,2.3808,0.67
680,LLL,ABC,1.0,R2 Rev Fast,0.0404,0.0404,0.01
680,LLL,ABC,1.0,R2 Rev Delayed,0.6540,0.6557,0.26
684,LG,A,1.0,R1 Fast,0.3562,0.3562,0.00
684,LG,A,1.0,R1 Delayed,7.1233,7.1233,0.00
684,LG,A,1.0,R2 Fast,0.1033,0.1035,0.20
684,LG,A,1.0,R2 Delayed,4.9895,5.0223,0.65
684,LG,A,1.0,R2 Rev Fast,0.0480,0.0480,0.04
684,LG,A,1.0,R2 Rev Delayed,1.2148,1.2131,0.14
684,LG,A,1.0,F671-2 MMT,0.5053,0.5054,0.02
684,LG,C,1.0,R1 Fast,0.3675,0.3675,0.00
684,LG,C,1.0,R1 Delayed,7.3509,7.3509,0.00
684,LG,C,1.0,R2 Fast,0.1113,0.1115,0.17
684,LG,C,1.0,R2 Delayed,5.6113,5.6318,0.36
684,LG,C,1.0,R2 Rev Fast,0.0496,0.0497,0.09
684,LG,C,1.0,R2 Rev Delayed,1.3285,1.3275,0.07
684,LG,C,1.0,F671-2 MMT,0.5466,0.5471,0.09
684,LL,AC,1.0,R1 Fast,0.2218,0.2218,0.00
684,LL,AC,1.0,R1 Delayed,4.4368,4.4368,0.00
684,LL,AC,1.0,R2 Fast,0.0722,0.0724,0.25
684,LL,AC,1.0,R2 Delayed,2.7952,2.8127,0.62
684,LL,AC,1.0,R2 Rev Fast,0.0418,0.0418,0.00
684,LL,AC,1.0,R2 Rev Delayed,0.7481,0.7509,0.37
684,LL,AC,1.0,F671-2 MMT,0.1475,0.1481,0.40
684,LLG,AC,1.0,R1 Fast,0.2033,0.2033,0.00
684,LLG,AC,1.0,R1 Delayed,4.0651,4.0651,0.00
684,LLG,AC,1.0,R2 Fast,0.0687,0.0687,0.13
684,LLG,AC,1.0,R2 Delayed,2.5616,2.5809,0.75
684,LLG,AC,1.0,R2 Rev Fast,0.0411,0.0411,0.02
684,LLG,AC,1.0,R2 Rev Delayed,0.6963,0.6978,0.22
684,LLG,AC,1.0,F671-2 MMT,0.1354,0.1358,0.34
652,LG,A,1.0,R1 Fast,0.4459,0.4459,0.00
652,LG,A,1.0,R1 Delayed,8.9188,8.9188,0.00
652,LG,A,1.0,R2 Fast,0.1231,0.1232,0.10
652,LG,A,1.0,R2 Delayed,6.5607,6.5695,0.13
652,LG,A,1.0,R2 Rev Fast,0.0520,0.0521,0.09
652,LG,A,1.0,R2 Rev Delayed,1.4932,1.4934,0.01
652,LG,A,1.0,F652 MMT,0.1376,0.1378,0.17
611,LG,C,1.0,R1 Fast,0.4355,0.4355,0.00
611,LG,C,1.0,R1 Delayed,8.7093,8.7094,0.00
611,LG,C,1.0,R2 Fast,0.1280,0.1282,0.20
611,LG,C,1.0,R2 Delayed,6.9688,6.9862,0.25
611,LG,C,1.0,R2 Rev Fast,0.0530,0.0531,0.13
611,LG,C,1.0,R2 Rev Delayed,1.5602,1.5616,0.09
611,LG,C,1.0,F684 MMT,0.2706,0.2713,0.25
DL,LG,A,1.0,R1 Fast,0.2159,0.2159,0.00
DL,LG,A,1.0,R1 Delayed,4.3172,4.3172,0.00
DL,LG,A,1.0,R2 Fast,1.0790,1.0793,0.03
DL,LG,A,1.0,R2 Delayed,no trip,no trip,0.00
DL,LG,A,1.0,R2 Rev Fast,0.2261,0.2269,0.34
DL,LG,A,1.0,R2 Rev Delayed,16.0348,16.0367,0.01
DL,LG,A,1.0,F-DL MMT,0.6520,0.6524,0.06
DL,LG,B,1.0,R1 Fast,0.2211,0.2211,0.00
DL,LG,B,1.0,R1 Delayed,4.4221,4.4221,0.00
DL,LG,B,1.0,R2 Fast,0.7921,0.7965,0.56
DL,LG,B,1.0,R2 Delayed,no trip,no trip,0.00
DL,LG,B,1.0,R2 Rev Fast,0.1806,0.1814,0.47
DL,LG,B,1.0,R2 Rev Delayed,11.6899,11.7190,0.25
DL,LG,B,1.0,F-DL MMT,0.6435,0.6439,0.06
DL,LG,C,1.0,R1 Fast,0.2209,0.2209,0.00
DL,LG,C,1.0,R1 Delayed,4.4183,4.4183,0.00
DL,LG,C,1.0,R2 Fast,0.9851,0.9865,0.13
DL,LG,C,1.0,R2 Delayed,no trip,no trip,0.00
DL,LG,C,1.0,R2 Rev Fast,0.2111,0.2124,0.59
DL,LG,C,1.0,R2 Rev Delayed,14.6066,14.6151,0.06
DL,LG,C,1.0,F-DL MMT,0.6933,0.6934,0.01
DL,LL,AB,1.0,R1 Fast,0.1281,0.1281,0.00
DL,LL,AB,1.0,R1 Delayed,2.5618,2.5618,0.00
DL,LL,AB,1.0,R2 Fast,0.1593,0.1594,0.02
DL,LL,AB,1.0,R2 Delayed,9.7292,9.7664,0.38
DL,LL,AB,1.0,R2 Rev Fast,0.0599,0.0599,0.02
DL,LL,AB,1.0,R2 Rev Delayed,1.9907,1.9913,0.03
DL,LL,AB,1.0,F-DL MMT,0.1836,0.1840,0.22
DL,LL,BC,1.0,R1 Fast,0.1514,0.1514,0.00
DL,LL,BC,1.0,R1 Delayed,3.0277,3.0277,0.00
DL,LL,BC,1.0,R2 Fast,0.1424,0.1428,0.31
DL,LL,BC,1.0,R2 Delayed,8.2138,8.2470,0.40
DL,LL,BC,1.0,R2 Rev Fast,0.0561,0.0562,0.12
DL,LL,BC,1.0,R2 Rev Delayed,1.7555,1.7614,0.33
DL,LL,BC,1.0,F-DL MMT,0.2127,0.2133,0.27
DL,LL,AC,1.0,R1 Fast,0.1410,0.1410,0.00
DL,LL,AC,1.0,R1 Delayed,2.8196,2.8196,0.00
DL,LL,AC,1.0,R2 Fast,0.1484,0.1488,0.26
DL,LL,AC,1.0,R2 Delayed,8.7509,8.7870,0.41
DL,LL,AC,1.0,R2 Rev Fast,0.0575,0.0576,0.16
DL,LL,AC,1.0,R2 Rev Delayed,1.8383,1.8443,0.33
DL,LL,AC,1.0,F-DL MMT,0.2024,0.2025,0.07
DL,LLG,AB,1.0,R1 Fast,0.1193,0.1193,0.00
DL,LLG,AB,1.0,R1 Delayed,2.3855,2.3855,0.00
DL,LLG,AB,1.0,R2 Fast,0.1372,0.1376,0.31
DL,LLG,AB,1.0,R2 Delayed,7.7569,7.7859,0.37
DL,LLG,AB,1.0,R2 Rev Fast,0.0550,0.0550,0.02
DL,LLG,AB,1.0,R2 Rev Delayed,1.6847,1.6893,0.27
DL,LLG,AB,1.0,F-DL MMT,0.1589,0.1595,0.37
DL,LLG,BC,1.0,R1 Fast,0.1363,0.1363,0.00
DL,LLG,BC,1.0,R1 Delayed,2.7261,2.7261,0.00
DL,LLG,BC,1.0,R2 Fast,0.1349,0.1352,0.29
DL,LLG,BC,1.0,R2 Delayed,7.5567,7.5833,0.35
DL,LLG,BC,1.0,R2 Rev Fast,0.0545,0.0545,0.05
DL,LLG,BC,1.0,R2 Rev Delayed,1.6535,1.6573,0.23
DL,LLG,BC,1.0,F-DL MMT,0.1845,0.1849,0.21
DL,LLG,AC,1.0,R1 Fast,0.1316,0.1316,0.00
DL,LLG,AC,1.0,R1 Delayed,2.6313,2.6313,0.00
DL,LLG,AC,1.0,R2 Fast,0.1340,0.1344,0.28
DL,LLG,AC,1.0,R2 Delayed,7.4805,7.5062,0.34
DL,LLG,AC,1.0,R2 Rev Fast,0.0543,0.0544,0.07
DL,LLG,AC,1.0,R2 Rev Delayed,1.6416,1.6451,0.21
DL,LLG,AC,1.0,F-DL MMT,0.1795,0.1799,0.26
DL,LLL,ABC,1.0,R1 Fast,0.1062,0.1062,0.00
DL,LLL,ABC,1.0,R1 Delayed,2.1234,2.1234,0.00
DL,LLL,ABC,1.0,R2 Fast,0.1033,0.1035,0.20
DL,LLL,ABC,1.0,R2 Delayed,4.9896,5.0224,0.65
DL,LLL,ABC,1.0,R2 Rev Fast,0.0480,0.0480,0.04
DL,LLL,ABC,1.0,R2 Rev Delayed,1.2148,1.2131,0.14
DL,LLL,ABC,1.0,F-DL MMT,0.1210,0.1213,0.20
