Fuse,If (A),i/z,t_fast (s),t_delayed (s),t_fuse eq.(9) (s),"b_i (eq. 9, i=1 closest to fault)",b_i of installed fuse at If,installed fuse,t_MMT of installed fuse at If (s),t_TCT of installed fuse at If (s)
F632,3418,2/2,0.133,2.67,1.824,6.62,6.07,A055C400E,0.512,0.867
F633,4102,1/1,0.1,2.008,1.054,6.53,5.51,A055C250E,0.102,0.161
F634,15671,1/2,0.439,8.772,3.217,8.06,5.88,gL-800A,0.021,0.199
F645,3418,1/2,0.133,2.67,0.979,6.35,5.56,A055C250E,0.158,0.241
F646,3112,1/2,0.156,3.115,1.142,6.35,5.72,A055C300E,0.273,0.424
F-DL,3946,1/1,0.106,2.13,1.118,6.52,5.52,A055C250E,0.112,0.175
F671,3390,1/1,0.054,1.601,0.827,6.27,5.56,A055C250E,0.161,0.246
F671-1,3390,3/3,0.054,1.601,1.214,6.44,5.69,A055C300E,0.218,0.337
F692,3390,1/2,0.054,1.601,0.569,6.11,5.33,A055C200E,0.094,0.155
F692-R,3151,2/3,0.057,1.829,0.943,6.27,5.35,A055C200E,0.112,0.181
F675,3151,1/3,0.057,1.829,0.5,6.0,5.35,A055C200E,0.112,0.181
F671-2,2655,3/3,0.069,2.572,1.946,6.45,5.8,A055C300E,0.428,0.687
F684,1857,2/3,0.113,5.778,2.946,6.35,5.55,A055C200E,0.465,0.711
F611,1857,1/3,0.113,5.778,1.53,6.07,4.96,A055C125E,0.120,0.188
F652,1874,1/2,0.112,5.66,1.961,6.18,5.21,A055C150E,0.207,0.293
